Year,Team,Pace,ORtg,DRtg,NRtg,TS%,eFG%,TOV%,ORB%,FT/FGA
1980,Boston Celtics,102.6,109.4,101.9,7.5,0.55,0.475,16.5,34.8,0.234
1980,Los Angeles Lakers,104.1,109.5,103.9,5.6,0.569,0.475,14.0,32.6,0.181
1980,Seattle SuperSonics,101.8,105.8,101.2,4.6,0.52,0.463,15.4,36.4,0.221
1980,Philadelphia 76ers,103.0,105.0,101.0,4.0,0.544,0.46,15.5,33.5,0.217
1980,Milwaukee Bucks,102.4,106.8,102.9,3.9,0.532,0.467,16.2,35.2,0.229
1980,Phoenix Suns,104.8,105.6,102.2,3.4,0.548,0.483,16.5,30.4,0.213
1980,Kansas City Kings,103.2,104.0,101.0,3.0,0.522,0.479,17.9,31.0,0.273
1980,Atlanta Hawks,98.9,105.2,102.3,2.9,0.523,0.461,17.1,36.9,0.291
1980,Cleveland Cavaliers,105.6,106.7,106.4,0.3,0.519,0.505,16.3,33.1,0.216
1980,Houston Rockets,101.2,108.1,108.0,0.1,0.533,0.499,16.1,37.6,0.23
1980,San Antonio Spurs,109.5,108.6,109.0,-0.4,0.553,0.506,14.4,31.8,0.216
1980,Indiana Pacers,104.4,105.5,106.2,-0.7,0.523,0.493,17.0,35.4,0.23
1980,Portland Trail Blazers,98.6,103.4,104.3,-0.9,0.519,0.482,15.3,35.5,0.245
1980,New Jersey Nets,106.1,101.5,102.5,-1.0,0.518,0.472,16.5,32.1,0.263
1980,New York Knicks,106.5,106.5,107.5,-1.0,0.539,0.498,16.4,33.7,0.263
1980,Washington Bullets,102.6,103.2,105.7,-2.5,0.504,0.469,12.3,33.3,0.218
1980,Chicago Bulls,101.8,104.3,107.0,-2.7,0.545,0.5,15.7,32.2,0.251
1980,San Diego Clippers,101.4,105.7,109.8,-4.1,0.522,0.503,14.2,34.2,0.215
1980,Denver Nuggets,103.9,103.4,107.6,-4.2,0.517,0.497,14.4,33.6,0.224
1980,Golden State Warriors,100.5,102.0,106.3,-4.3,0.52,0.498,15.5,31.1,0.273
1980,Utah Jazz,97.6,104.2,110.4,-6.2,0.547,0.5,13.5,29.7,0.237
1980,Detroit Pistons,107.1,101.2,108.8,-7.6,0.523,0.499,15.2,32.3,0.239
1981,Philadelphia 76ers,103.4,107.0,99.5,7.5,0.562,0.454,16.3,32.3,0.252
1981,Milwaukee Bucks,103.6,108.7,101.8,6.9,0.546,0.461,16.6,36.3,0.28
1981,Boston Celtics,100.8,108.4,102.6,5.8,0.553,0.464,15.1,34.7,0.24
1981,Phoenix Suns,104.7,104.6,99.4,5.2,0.537,0.471,17.5,35.1,0.244
1981,Los Angeles Lakers,102.7,107.6,103.9,3.7,0.548,0.468,14.6,33.9,0.208
1981,San Antonio Spurs,102.9,108.5,105.7,2.8,0.545,0.475,14.1,37.5,0.233
1981,Chicago Bulls,100.6,107.8,105.8,2.0,0.556,0.493,15.5,36.9,0.232
1981,New York Knicks,101.0,106.0,104.4,1.6,0.533,0.504,17.2,31.6,0.22
1981,Indiana Pacers,100.9,106.4,105.0,1.4,0.528,0.492,17.0,35.5,0.248
1981,Portland Trail Blazers,103.0,106.5,105.7,0.8,0.534,0.49,15.8,33.9,0.246
1981,Houston Rockets,100.5,107.0,106.7,0.3,0.534,0.496,14.7,33.9,0.214
1981,Washington Bullets,102.4,102.7,102.7,0.0,0.514,0.472,14.3,30.5,0.212
1981,Kansas City Kings,101.3,104.7,104.7,0.0,0.54,0.483,15.6,29.2,0.265
1981,Denver Nuggets,109.8,109.4,109.8,-0.4,0.537,0.509,14.6,33.1,0.232
1981,Golden State Warriors,101.0,108.5,109.7,-1.2,0.537,0.507,14.4,38.8,0.25
1981,San Diego Clippers,100.2,106.0,107.6,-1.6,0.528,0.507,16.2,33.0,0.262
1981,Seattle SuperSonics,100.3,103.2,104.8,-1.6,0.521,0.468,13.8,33.1,0.232
1981,Atlanta Hawks,99.4,104.3,107.3,-3.0,0.537,0.498,17.3,34.1,0.295
1981,Cleveland Cavaliers,100.8,104.3,109.1,-4.8,0.513,0.507,15.2,33.5,0.251
1981,New Jersey Nets,105.2,101.0,106.7,-5.7,0.525,0.506,16.4,30.4,0.281
1981,Utah Jazz,97.7,103.4,109.4,-6.0,0.536,0.492,13.8,28.3,0.268
1981,Detroit Pistons,101.2,98.1,104.3,-6.2,0.51,0.512,18.6,33.4,0.242
1981,Dallas Mavericks,98.6,102.4,110.8,-8.4,0.519,0.516,15.1,30.7,0.245
1982,Boston Celtics,101.5,109.8,103.5,6.3,0.545,0.472,14.6,35.8,0.22
1982,Philadelphia 76ers,100.6,109.6,103.9,5.7,0.566,0.48,16.5,30.5,0.261
1982,Milwaukee Bucks,100.0,107.7,102.3,5.4,0.553,0.471,15.9,35.1,0.253
1982,Los Angeles Lakers,103.1,110.2,105.5,4.7,0.551,0.493,14.8,35.8,0.187
1982,Seattle SuperSonics,100.0,106.4,102.3,4.1,0.535,0.464,14.4,31.3,0.214
1982,Phoenix Suns,99.5,105.8,102.4,3.4,0.538,0.47,14.6,32.2,0.233
1982,San Antonio Spurs,102.5,109.9,107.6,2.3,0.537,0.487,13.7,34.0,0.256
1982,Golden State Warriors,101.4,108.8,107.7,1.1,0.541,0.493,14.1,34.8,0.256
1982,Washington Bullets,99.4,103.3,102.5,0.8,0.524,0.468,13.9,29.4,0.228
1982,New Jersey Nets,103.1,103.0,102.3,0.7,0.529,0.486,18.3,33.7,0.281
1982,Portland Trail Blazers,100.5,108.8,108.2,0.6,0.547,0.502,15.0,32.5,0.223
1982,Atlanta Hawks,95.1,105.1,104.6,0.5,0.529,0.473,15.6,32.2,0.282
1982,Denver Nuggets,109.8,114.3,113.9,0.4,0.578,0.528,13.9,31.8,0.213
1982,Houston Rockets,97.2,108.3,108.3,0.0,0.52,0.5,14.3,37.8,0.209
1982,Detroit Pistons,104.3,105.8,106.6,-0.8,0.534,0.512,16.4,34.8,0.224
1982,Indiana Pacers,98.7,102.7,104.6,-1.9,0.516,0.494,15.9,30.5,0.221
1982,Chicago Bulls,99.0,106.6,108.6,-2.0,0.557,0.499,13.2,33.6,0.207
1982,New York Knicks,99.5,106.0,108.6,-2.6,0.535,0.508,15.4,33.1,0.255
1982,Kansas City Kings,101.8,104.2,107.2,-3.0,0.533,0.504,16.5,29.9,0.287
1982,Dallas Mavericks,98.5,105.9,110.4,-4.5,0.519,0.51,14.5,33.9,0.266
1982,Utah Jazz,103.9,106.2,111.7,-5.5,0.538,0.513,14.1,30.6,0.244
1982,San Diego Clippers,101.4,106.6,113.8,-7.2,0.547,0.529,13.9,33.2,0.28
1982,Cleveland Cavaliers,99.3,103.3,111.8,-8.5,0.51,0.515,14.7,32.0,0.271
1983,Philadelphia 76ers,102.7,108.3,100.9,7.4,0.549,0.464,15.8,37.1,0.217
1983,Los Angeles Lakers,103.8,110.5,105.2,5.3,0.561,0.494,15.5,36.3,0.191
1983,Boston Celtics,104.0,106.9,101.8,5.1,0.536,0.473,16.0,34.7,0.236
1983,Phoenix Suns,101.6,105.1,100.1,5.0,0.54,0.458,15.9,32.0,0.235
1983,Milwaukee Bucks,100.0,105.8,101.4,4.4,0.537,0.459,15.5,31.8,0.228
1983,San Antonio Spurs,103.3,110.1,106.6,3.5,0.556,0.489,14.4,35.3,0.228
1983,Seattle SuperSonics,103.2,105.9,102.8,3.1,0.539,0.464,14.3,32.5,0.21
1983,New Jersey Nets,104.0,101.6,98.9,2.7,0.532,0.481,18.9,36.8,0.251
1983,New York Knicks,97.0,102.4,99.9,2.5,0.526,0.478,18.1,31.6,0.257
1983,Portland Trail Blazers,101.0,106.0,103.9,2.1,0.535,0.49,16.0,33.3,0.218
1983,Kansas City Kings,106.6,106.2,104.9,1.3,0.542,0.49,16.8,34.3,0.291
1983,Denver Nuggets,112.1,109.7,109.1,0.6,0.55,0.509,15.1,31.0,0.22
1983,Washington Bullets,99.4,99.1,99.3,-0.2,0.511,0.471,16.2,30.4,0.214
1983,Detroit Pistons,105.8,105.4,105.8,-0.4,0.529,0.496,15.4,33.6,0.214
1983,Dallas Mavericks,102.8,109.4,109.8,-0.4,0.535,0.506,14.0,34.8,0.228
1983,Atlanta Hawks,98.9,102.2,103.2,-1.0,0.516,0.473,15.2,30.7,0.223
1983,Golden State Warriors,104.0,103.9,107.4,-3.5,0.526,0.513,16.9,33.9,0.241
1983,Utah Jazz,107.3,101.2,105.1,-3.9,0.531,0.481,15.2,29.0,0.208
1983,Chicago Bulls,106.1,103.4,108.0,-4.6,0.532,0.498,14.3,34.0,0.237
1983,San Diego Clippers,103.0,104.7,109.3,-4.6,0.518,0.531,17.6,37.1,0.284
1983,Indiana Pacers,103.9,103.8,109.4,-5.6,0.52,0.52,16.4,33.6,0.249
1983,Cleveland Cavaliers,97.6,99.2,106.8,-7.6,0.506,0.492,13.8,33.0,0.258
1983,Houston Rockets,102.2,97.0,108.3,-11.3,0.491,0.505,15.4,30.8,0.246
1984,Boston Celtics,99.7,110.9,104.4,6.5,0.554,0.475,13.8,34.2,0.225
1984,Milwaukee Bucks,96.9,107.8,103.6,4.2,0.541,0.459,14.7,33.7,0.266
1984,New York Knicks,99.0,107.0,103.1,3.9,0.552,0.491,17.8,33.4,0.281
1984,Los Angeles Lakers,103.7,110.9,107.3,3.6,0.574,0.487,14.3,33.7,0.232
1984,Portland Trail Blazers,101.1,111.2,107.7,3.5,0.556,0.518,17.0,36.4,0.259
1984,Detroit Pistons,103.8,111.5,108.1,3.4,0.532,0.5,14.8,36.7,0.263
1984,Philadelphia 76ers,99.6,106.8,104.6,2.2,0.551,0.484,16.0,34.6,0.246
1984,New Jersey Nets,103.0,106.1,105.0,1.1,0.54,0.494,17.0,34.6,0.292
1984,Utah Jazz,104.9,109.0,108.0,1.0,0.559,0.479,13.9,30.8,0.229
1984,Phoenix Suns,101.4,108.9,108.0,0.9,0.556,0.501,15.3,31.4,0.277
1984,Dallas Mavericks,99.0,110.0,109.6,0.4,0.547,0.503,14.4,31.7,0.232
1984,Seattle SuperSonics,99.7,107.9,108.1,-0.2,0.543,0.492,13.8,30.7,0.226
1984,San Antonio Spurs,106.5,111.2,111.4,-0.2,0.556,0.508,13.7,33.4,0.233
1984,Denver Nuggets,110.5,111.3,112.3,-1.0,0.553,0.522,14.6,29.3,0.277
1984,Atlanta Hawks,95.3,105.5,106.9,-1.4,0.529,0.482,15.1,31.6,0.268
1984,Kansas City Kings,102.9,106.5,108.0,-1.5,0.542,0.505,16.1,32.4,0.266
1984,Houston Rockets,104.7,105.3,108.2,-2.9,0.535,0.486,14.1,32.8,0.285
1984,Washington Bullets,97.4,104.2,107.2,-3.0,0.535,0.492,13.7,30.1,0.239
1984,San Diego Clippers,101.1,109.2,112.4,-3.2,0.541,0.513,12.9,37.7,0.236
1984,Golden State Warriors,103.3,105.5,108.8,-3.3,0.52,0.519,17.0,35.6,0.25
1984,Cleveland Cavaliers,97.4,104.1,108.5,-4.4,0.512,0.49,13.2,33.5,0.28
1984,Indiana Pacers,102.1,101.8,106.5,-4.7,0.531,0.497,16.2,28.1,0.255
1984,Chicago Bulls,99.8,102.4,107.5,-5.1,0.526,0.497,15.6,32.3,0.266
1985,Los Angeles Lakers,103.2,114.1,107.0,7.1,0.589,0.485,13.7,33.8,0.22
1985,Milwaukee Bucks,99.7,110.5,103.6,6.9,0.545,0.467,16.1,35.4,0.29
1985,Boston Celtics,101.6,112.8,106.3,6.5,0.564,0.481,12.6,32.8,0.198
1985,Philadelphia 76ers,100.8,111.3,107.3,4.0,0.561,0.494,15.7,37.4,0.259
1985,Portland Trail Blazers,103.6,110.4,107.1,3.3,0.554,0.497,15.9,33.9,0.232
1985,Detroit Pistons,105.0,109.6,107.2,2.4,0.529,0.501,14.9,35.4,0.245
1985,Denver Nuggets,107.6,110.7,108.4,2.3,0.54,0.516,17.0,33.6,0.275
1985,Dallas Mavericks,98.8,111.5,109.3,2.2,0.549,0.51,14.2,30.7,0.221
1985,Houston Rockets,102.2,107.9,106.3,1.6,0.54,0.487,15.2,37.4,0.259
1985,San Antonio Spurs,103.9,109.9,109.0,0.9,0.565,0.501,15.0,33.2,0.269
1985,New Jersey Nets,101.1,107.9,107.7,0.2,0.532,0.505,15.6,33.9,0.263
1985,Utah Jazz,105.1,103.3,103.4,-0.1,0.534,0.469,15.7,29.0,0.238
1985,Washington Bullets,100.3,104.3,104.6,-0.3,0.524,0.491,15.3,27.5,0.226
1985,Chicago Bulls,99.4,108.7,109.6,-0.9,0.556,0.495,13.8,32.2,0.257
1985,Atlanta Hawks,99.8,105.9,107.3,-1.4,0.536,0.485,15.2,32.5,0.249
1985,Phoenix Suns,102.5,104.7,106.8,-2.1,0.544,0.498,15.0,29.8,0.24
1985,Kansas City Kings,104.4,109.5,112.1,-2.6,0.559,0.514,14.2,34.0,0.262
1985,Cleveland Cavaliers,101.9,106.0,108.7,-2.7,0.526,0.483,13.7,32.9,0.265
1985,Los Angeles Clippers,101.0,105.8,110.2,-4.4,0.543,0.495,12.7,33.7,0.21
1985,New York Knicks,99.5,104.9,109.6,-4.7,0.53,0.499,16.5,31.7,0.339
1985,Seattle SuperSonics,99.3,102.8,108.2,-5.4,0.529,0.498,14.6,30.0,0.238
1985,Indiana Pacers,105.1,102.5,108.4,-5.9,0.527,0.499,14.3,31.7,0.282
1985,Golden State Warriors,103.2,106.0,113.0,-7.0,0.522,0.54,16.1,34.5,0.268
1986,Boston Celtics,101.2,111.8,102.6,9.2,0.564,0.466,13.0,31.3,0.216
1986,Milwaukee Bucks,102.1,111.4,102.7,8.7,0.552,0.473,16.6,33.8,0.281
1986,Los Angeles Lakers,102.7,113.3,105.8,7.5,0.575,0.484,13.5,33.1,0.239
1986,Houston Rockets,103.5,110.1,107.6,2.5,0.536,0.497,14.8,35.5,0.243
1986,Atlanta Hawks,100.0,107.9,105.6,2.3,0.542,0.481,15.4,34.9,0.269
1986,Philadelphia 76ers,100.5,108.6,106.3,2.3,0.546,0.499,15.6,37.3,0.211
1986,Denver Nuggets,106.7,107.1,105.9,1.2,0.527,0.495,16.9,30.9,0.266
1986,Dallas Mavericks,102.2,112.1,111.0,1.1,0.562,0.508,13.0,30.0,0.201
1986,Detroit Pistons,104.2,109.0,107.9,1.1,0.534,0.496,14.9,33.5,0.266
1986,Portland Trail Blazers,104.5,109.2,108.2,1.0,0.554,0.507,16.4,32.8,0.275
1986,Seattle SuperSonics,97.4,105.9,106.0,-0.1,0.53,0.492,15.7,33.2,0.282
1986,Utah Jazz,103.3,104.2,104.6,-0.4,0.536,0.477,15.4,29.8,0.258
1986,San Antonio Spurs,103.8,106.5,108.2,-1.7,0.555,0.499,15.2,31.7,0.26
1986,Washington Bullets,99.1,103.0,104.8,-1.8,0.518,0.472,14.2,29.1,0.224
1986,New Jersey Nets,103.3,105.0,106.9,-1.9,0.536,0.499,15.5,33.3,0.282
1986,Cleveland Cavaliers,101.6,105.5,108.3,-2.8,0.535,0.48,13.6,30.3,0.292
1986,Phoenix Suns,104.8,104.3,107.2,-2.9,0.552,0.495,15.1,31.3,0.279
1986,Sacramento Kings,102.0,106.2,109.2,-3.0,0.541,0.499,14.4,32.7,0.273
1986,Indiana Pacers,100.9,102.6,105.9,-3.3,0.525,0.479,13.7,31.5,0.277
1986,Golden State Warriors,104.2,108.3,111.6,-3.3,0.536,0.524,14.9,33.5,0.241
1986,Chicago Bulls,99.7,108.6,112.4,-3.8,0.538,0.509,13.5,35.1,0.28
1986,New York Knicks,98.6,99.5,105.2,-5.7,0.505,0.484,17.1,29.5,0.315
1986,Los Angeles Clippers,102.7,105.4,112.1,-6.7,0.534,0.512,14.0,32.0,0.225
1987,Los Angeles Lakers,101.6,115.6,106.5,9.1,0.577,0.476,13.8,34.1,0.23
1987,Atlanta Hawks,97.4,112.6,105.2,7.4,0.543,0.46,13.9,37.2,0.284
1987,Boston Celtics,98.6,113.5,106.8,6.7,0.577,0.471,12.0,29.0,0.217
1987,Dallas Mavericks,100.5,114.9,108.7,6.2,0.558,0.486,13.5,33.8,0.233
1987,Milwaukee Bucks,100.3,109.5,105.6,3.9,0.539,0.479,16.0,31.1,0.307
1987,Detroit Pistons,101.0,109.2,105.8,3.4,0.544,0.471,13.3,34.7,0.267
1987,Portland Trail Blazers,105.0,111.5,108.6,2.9,0.566,0.493,14.8,34.1,0.265
1987,Houston Rockets,99.9,106.5,105.5,1.0,0.528,0.47,14.1,33.5,0.261
1987,Chicago Bulls,95.8,108.6,107.6,1.0,0.528,0.491,13.8,35.0,0.251
1987,Utah Jazz,103.2,104.1,103.7,0.4,0.516,0.466,15.7,31.2,0.269
1987,Seattle SuperSonics,101.8,110.7,110.3,0.4,0.543,0.486,13.5,37.6,0.296
1987,Philadelphia 76ers,97.3,108.3,108.5,-0.2,0.549,0.499,14.5,34.9,0.215
1987,Indiana Pacers,98.8,106.0,106.6,-0.6,0.525,0.487,14.9,30.5,0.281
1987,Denver Nuggets,106.2,109.3,110.2,-0.9,0.527,0.503,15.4,32.2,0.307
1987,Washington Bullets,100.2,105.7,107.0,-1.3,0.511,0.48,14.6,34.5,0.222
1987,Golden State Warriors,101.7,108.9,111.2,-2.3,0.539,0.503,14.2,32.5,0.272
1987,Phoenix Suns,102.0,108.0,110.4,-2.4,0.55,0.502,14.4,32.1,0.265
1987,Sacramento Kings,101.3,108.9,112.1,-3.2,0.535,0.498,12.4,35.2,0.257
1987,Cleveland Cavaliers,101.3,102.6,106.4,-3.8,0.519,0.484,14.2,34.4,0.224
1987,New Jersey Nets,101.8,105.6,110.5,-4.9,0.54,0.488,13.8,33.2,0.33
1987,San Antonio Spurs,101.7,105.9,110.8,-4.9,0.525,0.514,14.5,34.3,0.244
1987,New York Knicks,98.5,104.8,111.1,-6.3,0.528,0.497,14.6,31.2,0.27
1987,Los Angeles Clippers,102.7,101.2,112.3,-11.1,0.508,0.526,15.5,31.8,0.258
1988,Boston Celtics,97.9,115.4,109.4,6.0,0.588,0.489,12.5,29.8,0.237
1988,Los Angeles Lakers,99.1,113.1,107.3,5.8,0.566,0.484,13.0,32.3,0.206
1988,Detroit Pistons,98.3,110.5,105.3,5.2,0.548,0.475,14.0,34.2,0.245
1988,Dallas Mavericks,97.0,112.2,107.7,4.5,0.54,0.481,13.0,37.5,0.203
1988,Portland Trail Blazers,103.6,111.8,107.4,4.4,0.55,0.485,14.5,34.3,0.275
1988,Denver Nuggets,105.5,110.1,106.3,3.8,0.534,0.498,16.0,29.7,0.26
1988,Utah Jazz,101.5,106.8,103.1,3.7,0.546,0.459,14.9,30.4,0.262
1988,Atlanta Hawks,96.4,111.3,107.6,3.7,0.541,0.481,14.2,34.3,0.28
1988,Chicago Bulls,95.5,109.0,105.5,3.5,0.539,0.478,13.5,34.0,0.24
1988,Seattle SuperSonics,100.2,110.2,108.1,2.1,0.536,0.495,15.9,36.3,0.33
1988,Houston Rockets,101.8,107.1,105.7,1.4,0.529,0.473,14.2,33.1,0.243
1988,Cleveland Cavaliers,97.3,106.8,106.0,0.8,0.547,0.485,15.2,31.0,0.227
1988,Milwaukee Bucks,97.6,108.2,107.6,0.6,0.536,0.483,14.2,31.8,0.259
1988,New York Knicks,99.1,105.9,106.4,-0.5,0.525,0.486,17.0,36.0,0.324
1988,Washington Bullets,98.1,106.5,107.2,-0.7,0.524,0.487,14.4,34.2,0.231
1988,Indiana Pacers,98.0,106.6,107.4,-0.8,0.535,0.481,13.5,30.1,0.263
1988,Philadelphia 76ers,96.0,108.8,110.3,-1.5,0.543,0.506,13.8,35.4,0.232
1988,Phoenix Suns,101.2,107.0,111.4,-4.4,0.538,0.507,13.4,31.5,0.265
1988,San Antonio Spurs,104.4,108.2,112.8,-4.6,0.54,0.512,14.0,32.0,0.242
1988,Sacramento Kings,100.9,106.5,112.1,-5.6,0.53,0.506,12.3,33.7,0.237
1988,New Jersey Nets,98.6,101.4,109.6,-8.2,0.523,0.506,15.2,30.4,0.274
1988,Golden State Warriors,101.6,104.7,112.9,-8.2,0.524,0.511,14.4,31.2,0.283
1988,Los Angeles Clippers,100.8,97.4,107.6,-10.2,0.494,0.486,14.8,30.9,0.244
1989,Cleveland Cavaliers,98.0,110.6,102.9,7.7,0.559,0.473,15.0,31.2,0.185
1989,Phoenix Suns,104.5,113.1,105.7,7.4,0.56,0.476,13.5,30.8,0.225
1989,Los Angeles Lakers,100.1,113.8,106.7,7.1,0.57,0.482,13.0,33.0,0.205
1989,Detroit Pistons,95.5,110.8,104.7,6.1,0.551,0.458,13.2,34.5,0.26
1989,Utah Jazz,98.0,106.6,101.5,5.1,0.55,0.447,13.9,32.0,0.246
1989,Atlanta Hawks,98.3,112.2,107.2,5.0,0.54,0.482,15.4,37.1,0.256
1989,Milwaukee Bucks,98.6,110.1,106.4,3.7,0.544,0.493,16.1,32.7,0.266
1989,New York Knicks,104.4,111.1,107.5,3.6,0.553,0.504,16.7,36.2,0.249
1989,Seattle SuperSonics,100.1,111.5,108.6,2.9,0.539,0.498,16.0,38.3,0.271
1989,Denver Nuggets,107.5,108.6,107.1,1.5,0.528,0.505,15.6,29.6,0.264
1989,Philadelphia 76ers,98.5,113.0,111.5,1.5,0.552,0.513,13.4,32.2,0.215
1989,Chicago Bulls,97.0,109.1,107.7,1.4,0.553,0.487,13.5,30.7,0.239
1989,Portland Trail Blazers,103.9,109.4,108.0,1.4,0.53,0.501,15.7,36.7,0.264
1989,Boston Celtics,98.1,110.8,109.6,1.2,0.548,0.493,12.7,34.7,0.248
1989,Houston Rockets,101.8,105.7,104.8,0.9,0.535,0.481,14.9,33.3,0.248
1989,Golden State Warriors,107.3,107.4,107.7,-0.3,0.529,0.479,14.6,33.4,0.24
1989,Dallas Mavericks,95.9,107.4,108.6,-1.2,0.536,0.48,12.5,29.5,0.215
1989,Washington Bullets,100.8,106.4,108.5,-2.1,0.516,0.493,14.2,33.1,0.267
1989,Indiana Pacers,99.2,106.8,111.0,-4.2,0.552,0.478,12.4,31.5,0.275
1989,Sacramento Kings,100.5,104.5,110.0,-5.5,0.523,0.496,13.2,30.5,0.235
1989,New Jersey Nets,100.1,103.0,109.3,-6.3,0.517,0.508,14.4,32.7,0.244
1989,San Antonio Spurs,104.1,100.9,107.9,-7.0,0.512,0.5,17.2,34.5,0.294
1989,Charlotte Hornets,100.3,103.7,112.1,-8.4,0.514,0.508,14.7,30.3,0.287
1989,Los Angeles Clippers,104.4,100.8,110.2,-9.4,0.518,0.497,14.1,31.2,0.237
1989,Miami Heat,99.1,97.8,109.0,-11.2,0.498,0.499,16.0,35.6,0.292
1990,Los Angeles Lakers,96.3,114.0,107.0,7.0,0.562,0.479,12.8,32.8,0.219
1990,Phoenix Suns,100.7,113.1,106.2,6.9,0.565,0.478,12.8,31.1,0.209
1990,Detroit Pistons,94.4,109.9,103.5,6.4,0.537,0.461,13.7,34.2,0.262
1990,Portland Trail Blazers,102.3,110.5,104.4,6.1,0.535,0.479,15.2,36.5,0.265
1990,Philadelphia 76ers,96.5,113.5,108.4,5.1,0.556,0.495,13.3,32.0,0.223
1990,Utah Jazz,96.1,110.3,105.4,4.9,0.57,0.468,13.4,30.1,0.268
1990,Boston Celtics,98.2,112.0,107.9,4.1,0.557,0.477,10.8,31.5,0.223
1990,San Antonio Spurs,98.5,107.7,104.2,3.5,0.537,0.477,15.0,34.2,0.235
1990,Chicago Bulls,96.7,112.3,109.0,3.3,0.559,0.508,15.2,31.9,0.262
1990,Houston Rockets,101.2,104.8,103.4,1.4,0.531,0.475,14.7,33.1,0.228
1990,New York Knicks,98.2,109.4,108.0,1.4,0.547,0.482,13.3,34.2,0.215
1990,Denver Nuggets,105.4,108.0,106.7,1.3,0.523,0.501,15.2,29.1,0.264
1990,Seattle SuperSonics,95.3,110.9,109.8,1.1,0.535,0.499,14.3,37.5,0.297
1990,Atlanta Hawks,95.8,113.0,111.9,1.1,0.547,0.509,14.0,36.3,0.254
1990,Indiana Pacers,97.0,111.5,111.4,0.1,0.572,0.494,12.6,29.0,0.25
1990,Dallas Mavericks,94.5,107.2,107.2,0.0,0.536,0.481,13.4,30.3,0.232
1990,Cleveland Cavaliers,95.0,106.9,107.2,-0.3,0.529,0.49,14.0,31.5,0.202
1990,Milwaukee Bucks,98.0,107.3,108.1,-0.8,0.533,0.492,15.8,31.5,0.29
1990,Washington Bullets,99.4,107.5,109.7,-2.2,0.519,0.484,12.4,32.4,0.249
1990,Golden State Warriors,105.9,109.6,112.6,-3.0,0.563,0.494,13.6,26.1,0.253
1990,Los Angeles Clippers,99.2,104.0,107.4,-3.4,0.536,0.489,14.3,30.9,0.241
1990,Minnesota Timberwolves,91.1,103.6,108.2,-4.6,0.499,0.492,15.5,34.0,0.291
1990,Sacramento Kings,96.7,104.8,110.0,-5.2,0.527,0.484,12.5,27.3,0.255
1990,New Jersey Nets,99.3,100.7,108.6,-7.9,0.486,0.495,14.9,34.5,0.272
1990,Charlotte Hornets,98.1,102.0,109.9,-7.9,0.511,0.506,14.7,26.1,0.269
1990,Orlando Magic,104.1,105.8,114.3,-8.5,0.521,0.511,12.1,33.7,0.245
1990,Miami Heat,101.0,99.3,108.9,-9.6,0.501,0.499,15.2,33.5,0.292
1991,Chicago Bulls,95.6,114.6,105.2,9.4,0.56,0.488,15.3,34.7,0.226
1991,Portland Trail Blazers,100.5,112.8,104.3,8.5,0.554,0.473,14.4,33.8,0.25
1991,Los Angeles Lakers,94.1,112.1,105.0,7.1,0.551,0.474,12.8,33.0,0.176
1991,Phoenix Suns,101.0,112.6,106.1,6.5,0.558,0.474,13.1,33.0,0.227
1991,Boston Celtics,98.5,112.6,106.7,5.9,0.565,0.465,11.7,33.0,0.217
1991,San Antonio Spurs,98.6,107.8,103.3,4.5,0.544,0.463,13.2,33.3,0.228
1991,Detroit Pistons,91.9,108.2,104.6,3.6,0.523,0.464,12.8,34.7,0.248
1991,Utah Jazz,95.3,108.6,105.1,3.5,0.559,0.473,13.7,27.6,0.23
1991,Houston Rockets,98.5,107.4,103.9,3.5,0.53,0.469,14.7,34.4,0.22
1991,Milwaukee Bucks,96.1,109.7,107.2,2.5,0.55,0.5,16.4,31.8,0.259
1991,Golden State Warriors,103.6,111.9,110.3,1.6,0.559,0.497,15.2,31.0,0.289
1991,Seattle SuperSonics,96.2,109.7,108.5,1.2,0.542,0.503,16.0,36.3,0.277
1991,Atlanta Hawks,98.6,110.9,110.1,0.8,0.54,0.509,13.7,33.1,0.22
1991,New York Knicks,95.0,107.1,107.3,-0.2,0.544,0.489,13.4,31.1,0.205
1991,Philadelphia 76ers,95.7,107.9,108.1,-0.2,0.542,0.489,12.5,28.1,0.187
1991,Indiana Pacers,99.4,111.7,112.1,-0.4,0.566,0.503,13.1,30.6,0.254
1991,Cleveland Cavaliers,95.1,106.1,108.7,-2.6,0.534,0.497,13.3,29.7,0.206
1991,Los Angeles Clippers,99.9,103.0,106.5,-3.5,0.511,0.481,13.7,33.3,0.266
1991,Orlando Magic,99.5,105.9,109.9,-4.0,0.521,0.493,12.8,33.0,0.26
1991,Minnesota Timberwolves,92.3,106.7,110.9,-4.2,0.499,0.502,13.8,34.9,0.248
1991,New Jersey Nets,99.3,102.9,107.4,-4.5,0.5,0.478,14.9,35.7,0.267
1991,Dallas Mavericks,94.2,105.5,110.3,-4.8,0.528,0.495,12.6,28.3,0.245
1991,Washington Bullets,97.5,103.0,108.1,-5.1,0.509,0.478,13.1,32.2,0.242
1991,Charlotte Hornets,97.3,105.0,110.4,-5.4,0.526,0.504,15.0,29.0,0.272
1991,Miami Heat,99.3,102.0,108.1,-6.1,0.512,0.491,15.3,34.3,0.286
1991,Sacramento Kings,94.7,102.0,109.1,-7.1,0.512,0.481,14.3,28.8,0.306
1991,Denver Nuggets,113.7,105.2,114.7,-9.5,0.498,0.524,14.1,33.1,0.299
1992,Chicago Bulls,94.4,115.5,104.5,11.0,0.556,0.476,14.1,35.1,0.219
1992,Portland Trail Blazers,99.0,111.4,104.2,7.2,0.541,0.471,14.3,35.6,0.251
1992,Utah Jazz,95.5,112.2,105.6,6.6,0.557,0.475,13.0,32.7,0.214
1992,Phoenix Suns,99.4,112.1,106.2,5.9,0.556,0.471,13.0,31.7,0.223
1992,Cleveland Cavaliers,95.0,113.9,108.2,5.7,0.557,0.483,12.3,30.5,0.174
1992,New York Knicks,92.9,108.3,104.2,4.1,0.531,0.471,14.0,34.6,0.248
1992,Boston Celtics,95.8,110.8,107.0,3.8,0.544,0.469,11.9,31.9,0.22
1992,Golden State Warriors,103.4,113.6,109.9,3.7,0.568,0.499,14.9,31.8,0.256
1992,San Antonio Spurs,96.2,107.5,104.1,3.4,0.528,0.469,13.5,34.2,0.224
1992,Detroit Pistons,91.6,107.5,105.3,2.2,0.52,0.468,12.5,34.9,0.204
1992,Seattle SuperSonics,95.4,110.7,108.8,1.9,0.538,0.491,14.2,36.5,0.269
1992,Indiana Pacers,99.0,111.7,109.9,1.8,0.566,0.483,12.8,31.8,0.27
1992,Los Angeles Clippers,96.5,105.8,104.7,1.1,0.524,0.475,14.9,31.6,0.244
1992,Los Angeles Lakers,92.5,107.7,108.9,-1.2,0.516,0.493,13.8,32.7,0.187
1992,Philadelphia 76ers,93.7,108.3,109.7,-1.4,0.539,0.496,13.0,30.9,0.192
1992,Atlanta Hawks,97.8,107.3,108.9,-1.6,0.519,0.497,13.2,33.6,0.209
1992,New Jersey Nets,98.0,107.0,108.7,-1.7,0.51,0.488,14.1,39.1,0.247
1992,Houston Rockets,95.1,106.2,108.0,-1.8,0.537,0.477,12.5,30.9,0.209
1992,Milwaukee Bucks,95.5,108.8,110.6,-1.8,0.529,0.514,15.3,35.9,0.237
1992,Charlotte Hornets,101.7,107.1,110.9,-3.8,0.527,0.51,14.1,31.1,0.222
1992,Miami Heat,97.7,106.7,110.9,-4.2,0.532,0.508,13.9,33.0,0.235
1992,Washington Bullets,97.7,103.9,108.4,-4.5,0.514,0.493,14.0,28.9,0.235
1992,Sacramento Kings,99.6,103.9,109.9,-6.0,0.525,0.493,13.9,28.5,0.233
1992,Orlando Magic,98.0,103.5,110.5,-7.0,0.514,0.502,13.5,32.4,0.26
1992,Minnesota Timberwolves,95.1,105.0,112.4,-7.4,0.505,0.497,13.0,31.5,0.244
1992,Denver Nuggets,98.6,100.7,108.6,-7.9,0.493,0.494,14.7,34.8,0.279
1992,Dallas Mavericks,94.4,103.0,111.1,-8.1,0.501,0.483,11.5,31.2,0.259
1993,Seattle SuperSonics,96.0,112.3,104.9,7.4,0.546,0.489,16.4,35.5,0.26
1993,Chicago Bulls,92.5,112.9,106.1,6.8,0.535,0.493,15.4,36.3,0.239
1993,Cleveland Cavaliers,94.8,112.7,106.0,6.7,0.565,0.482,13.1,28.1,0.185
1993,Phoenix Suns,99.8,113.3,106.7,6.6,0.566,0.496,13.9,33.0,0.206
1993,New York Knicks,94.5,106.1,99.7,6.4,0.526,0.444,14.9,33.1,0.294
1993,Houston Rockets,94.4,109.6,105.2,4.4,0.557,0.474,13.4,30.0,0.201
1993,Portland Trail Blazers,99.1,108.3,105.2,3.1,0.526,0.488,14.8,32.7,0.237
1993,San Antonio Spurs,95.4,109.6,106.8,2.8,0.555,0.477,12.3,27.8,0.221
1993,Utah Jazz,96.5,109.6,107.4,2.2,0.55,0.487,13.9,31.0,0.25
1993,Indiana Pacers,96.0,111.9,110.1,1.8,0.547,0.485,12.7,34.2,0.281
1993,Orlando Magic,96.3,108.5,107.1,1.4,0.554,0.473,11.9,31.4,0.232
1993,New Jersey Nets,96.0,106.5,105.2,1.3,0.522,0.48,14.1,35.5,0.24
1993,Boston Celtics,94.9,108.7,107.8,0.9,0.536,0.479,12.9,31.2,0.251
1993,Los Angeles Clippers,99.1,107.4,107.1,0.3,0.53,0.489,15.1,32.7,0.263
1993,Charlotte Hornets,100.2,109.5,109.7,-0.2,0.547,0.487,12.6,31.3,0.201
1993,Atlanta Hawks,97.6,109.3,110.2,-0.9,0.534,0.516,14.6,34.8,0.224
1993,Golden State Warriors,99.5,109.2,110.2,-1.0,0.543,0.501,14.0,34.2,0.261
1993,Miami Heat,94.6,107.7,108.9,-1.2,0.535,0.495,14.2,31.9,0.274
1993,Los Angeles Lakers,96.2,107.6,108.9,-1.3,0.534,0.5,14.3,31.4,0.215
1993,Detroit Pistons,93.2,107.4,108.9,-1.5,0.511,0.5,13.5,34.6,0.212
1993,Denver Nuggets,99.8,104.6,106.3,-1.7,0.518,0.476,13.9,33.6,0.263
1993,Sacramento Kings,100.8,106.5,109.6,-3.1,0.53,0.502,15.1,30.7,0.292
1993,Milwaukee Bucks,96.1,106.2,110.1,-3.9,0.535,0.502,15.7,30.5,0.266
1993,Philadelphia 76ers,98.5,104.6,110.4,-5.8,0.53,0.504,13.3,28.1,0.188
1993,Washington Bullets,97.7,103.6,110.8,-7.2,0.523,0.51,13.6,28.8,0.219
1993,Minnesota Timberwolves,93.8,103.6,111.8,-8.2,0.535,0.503,13.5,28.7,0.269
1993,Dallas Mavericks,99.5,99.5,114.7,-15.2,0.495,0.519,13.5,31.1,0.347
1994,Seattle SuperSonics,95.1,111.1,101.5,9.6,0.547,0.479,18.2,34.4,0.272
1994,New York Knicks,92.8,105.7,98.2,7.5,0.527,0.451,16.0,34.4,0.261
1994,San Antonio Spurs,90.1,110.4,104.6,5.8,0.537,0.467,11.7,35.6,0.196
1994,Atlanta Hawks,94.2,107.2,101.7,5.5,0.523,0.475,16.0,34.6,0.185
1994,Phoenix Suns,96.7,111.7,106.8,4.9,0.548,0.493,13.5,35.2,0.202
1994,Utah Jazz,93.1,108.6,104.1,4.5,0.537,0.469,14.6,31.3,0.267
1994,Houston Rockets,95.0,105.9,101.4,4.5,0.545,0.458,13.3,27.6,0.192
1994,Cleveland Cavaliers,91.7,109.4,105.1,4.3,0.537,0.484,14.5,31.8,0.215
1994,Orlando Magic,95.2,110.8,106.7,4.1,0.547,0.479,13.3,33.8,0.214
1994,Indiana Pacers,93.3,107.8,104.2,3.6,0.547,0.471,14.9,34.4,0.267
1994,Chicago Bulls,91.9,106.1,102.7,3.4,0.526,0.482,15.3,33.8,0.225
1994,Miami Heat,93.8,109.5,106.7,2.8,0.538,0.479,14.5,35.3,0.284
1994,Portland Trail Blazers,98.8,108.1,105.5,2.6,0.518,0.49,14.8,34.4,0.235
1994,New Jersey Nets,95.5,107.2,104.9,2.3,0.515,0.475,13.5,34.0,0.212
1994,Golden State Warriors,99.1,108.3,106.5,1.8,0.542,0.488,14.7,32.9,0.21
1994,Denver Nuggets,96.1,103.9,102.3,1.6,0.524,0.453,13.4,32.2,0.252
1994,Charlotte Hornets,97.5,108.4,108.6,-0.2,0.543,0.492,13.2,29.2,0.205
1994,Boston Celtics,95.6,104.2,108.7,-4.5,0.521,0.494,13.7,29.3,0.238
1994,Los Angeles Lakers,95.5,104.8,109.3,-4.5,0.503,0.492,14.3,33.2,0.24
1994,Los Angeles Clippers,99.6,102.9,108.6,-5.7,0.521,0.494,14.0,30.4,0.213
1994,Sacramento Kings,97.5,103.3,109.2,-5.9,0.516,0.499,14.2,30.4,0.252
1994,Milwaukee Bucks,94.5,102.5,109.3,-6.8,0.512,0.513,15.7,31.1,0.254
1994,Minnesota Timberwolves,94.7,101.9,109.2,-7.3,0.525,0.488,12.8,30.1,0.259
1994,Washington Bullets,95.9,104.5,112.2,-7.7,0.529,0.526,14.0,31.2,0.206
1994,Philadelphia 76ers,95.7,101.7,109.7,-8.0,0.518,0.502,12.8,28.0,0.177
1994,Detroit Pistons,94.2,102.7,110.9,-8.2,0.511,0.493,12.8,28.4,0.262
1994,Dallas Mavericks,94.5,100.4,109.6,-9.2,0.492,0.513,15.8,33.7,0.283
1995,Utah Jazz,92.6,114.3,105.7,8.6,0.587,0.496,15.5,29.1,0.292
1995,Seattle SuperSonics,95.5,114.8,106.3,8.5,0.575,0.492,16.1,32.6,0.278
1995,Orlando Magic,95.1,115.1,107.8,7.3,0.569,0.49,13.3,34.0,0.22
1995,San Antonio Spurs,94.6,111.7,105.4,6.3,0.562,0.485,13.0,30.9,0.214
1995,Chicago Bulls,92.0,109.5,104.3,5.2,0.546,0.488,16.7,32.9,0.263
1995,Phoenix Suns,95.9,114.5,110.4,4.1,0.567,0.515,14.0,29.7,0.228
1995,Portland Trail Blazers,93.8,109.7,105.7,4.0,0.521,0.491,14.8,37.1,0.277
1995,Indiana Pacers,90.0,109.6,105.6,4.0,0.557,0.493,15.8,32.8,0.237
1995,Charlotte Hornets,91.2,109.6,106.1,3.5,0.562,0.485,13.8,26.0,0.202
1995,New York Knicks,91.2,107.2,103.8,3.4,0.55,0.468,14.4,28.6,0.281
1995,Houston Rockets,94.2,109.7,107.4,2.3,0.568,0.489,13.9,26.9,0.199
1995,Atlanta Hawks,89.8,106.6,105.2,1.4,0.525,0.495,15.6,31.6,0.215
1995,Denver Nuggets,91.5,109.1,108.2,0.9,0.556,0.487,13.2,32.0,0.257
1995,Cleveland Cavaliers,84.8,105.3,104.6,0.7,0.52,0.493,15.0,31.8,0.224
1995,Los Angeles Lakers,95.2,109.1,109.4,-0.3,0.539,0.5,14.8,31.3,0.224
1995,Sacramento Kings,92.3,105.5,106.5,-1.0,0.538,0.481,15.0,32.1,0.28
1995,Miami Heat,92.9,108.2,109.9,-1.7,0.54,0.51,14.9,31.7,0.264
1995,Boston Celtics,94.0,108.6,110.6,-2.0,0.537,0.512,13.6,33.1,0.235
1995,Dallas Mavericks,94.7,107.6,110.6,-3.0,0.509,0.519,13.7,38.9,0.208
1995,New Jersey Nets,92.3,105.2,108.6,-3.4,0.519,0.493,12.4,33.3,0.217
1995,Milwaukee Bucks,92.7,106.2,110.9,-4.7,0.537,0.53,15.3,31.3,0.23
1995,Golden State Warriors,97.9,106.7,112.2,-5.5,0.547,0.522,13.9,30.3,0.216
1995,Philadelphia 76ers,91.0,104.1,109.7,-5.6,0.521,0.5,14.6,32.3,0.235
1995,Washington Bullets,94.5,105.4,111.3,-5.9,0.529,0.512,14.9,29.3,0.262
1995,Detroit Pistons,93.2,105.1,112.9,-7.8,0.538,0.51,14.2,28.3,0.299
1995,Los Angeles Clippers,94.3,101.5,111.1,-9.6,0.508,0.526,16.6,29.6,0.29
1995,Minnesota Timberwolves,91.4,102.6,112.4,-9.8,0.532,0.51,14.8,27.7,0.28
1996,Chicago Bulls,91.1,115.2,101.8,13.4,0.555,0.482,16.1,36.9,0.222
1996,Seattle SuperSonics,93.8,110.3,102.1,8.2,0.574,0.479,16.7,29.7,0.252
1996,Utah Jazz,90.0,113.3,106.1,7.2,0.566,0.489,15.1,31.6,0.295
1996,San Antonio Spurs,93.3,110.2,103.5,6.7,0.558,0.472,13.9,27.5,0.216
1996,Orlando Magic,91.8,112.9,106.9,6.0,0.562,0.491,14.0,29.0,0.223
1996,Los Angeles Lakers,92.4,111.4,106.6,4.8,0.555,0.491,14.9,30.1,0.205
1996,Indiana Pacers,89.3,110.8,107.2,3.6,0.56,0.491,14.7,33.0,0.271
1996,Cleveland Cavaliers,82.3,109.9,106.7,3.2,0.551,0.506,16.3,28.6,0.242
1996,Detroit Pistons,87.7,107.9,105.1,2.8,0.551,0.483,13.7,28.0,0.229
1996,Portland Trail Blazers,92.6,106.0,103.5,2.5,0.528,0.478,13.5,33.4,0.236
1996,New York Knicks,91.0,106.0,103.5,2.5,0.55,0.476,14.8,25.5,0.251
1996,Houston Rockets,93.2,109.3,107.4,1.9,0.555,0.495,13.6,26.9,0.206
1996,Miami Heat,91.1,105.3,103.8,1.5,0.541,0.469,14.8,30.1,0.298
1996,Atlanta Hawks,89.6,109.4,108.0,1.4,0.534,0.512,16.3,34.0,0.217
1996,Washington Bullets,93.7,108.7,107.6,1.1,0.558,0.489,15.0,28.2,0.274
1996,Phoenix Suns,93.2,110.3,110.0,0.3,0.551,0.511,13.3,29.8,0.225
1996,Charlotte Hornets,91.6,111.2,111.8,-0.6,0.558,0.529,13.9,29.5,0.217
1996,Golden State Warriors,93.4,108.4,109.9,-1.5,0.539,0.51,15.2,33.9,0.232
1996,Denver Nuggets,92.2,105.2,108.1,-2.9,0.526,0.492,12.8,30.7,0.237
1996,Sacramento Kings,93.4,106.2,109.1,-2.9,0.54,0.498,15.1,32.5,0.302
1996,Boston Celtics,96.2,106.4,109.9,-3.5,0.534,0.511,14.3,28.8,0.258
1996,Los Angeles Clippers,93.2,106.5,110.3,-3.8,0.544,0.512,15.2,29.3,0.282
1996,New Jersey Nets,90.9,101.9,106.5,-4.6,0.497,0.495,14.5,36.4,0.223
1996,Dallas Mavericks,95.4,106.1,111.2,-5.1,0.507,0.526,14.7,34.1,0.222
1996,Minnesota Timberwolves,93.5,104.1,109.8,-5.7,0.535,0.509,15.0,29.8,0.267
1996,Milwaukee Bucks,90.2,105.6,111.5,-5.9,0.534,0.52,14.1,29.7,0.248
1996,Toronto Raptors,93.2,103.8,111.8,-8.0,0.536,0.514,14.7,32.0,0.272
1996,Philadelphia 76ers,92.2,102.2,113.0,-10.8,0.522,0.522,14.4,29.4,0.217
1996,Vancouver Grizzlies,91.0,97.6,108.5,-10.9,0.5,0.51,16.1,27.3,0.241
1997,Chicago Bulls,90.0,114.4,102.4,12.0,0.547,0.471,14.8,35.9,0.196
1997,Utah Jazz,90.0,113.6,104.0,9.6,0.581,0.48,15.5,29.7,0.29
1997,Seattle SuperSonics,90.3,111.2,102.7,8.5,0.557,0.49,17.7,30.9,0.242
1997,Atlanta Hawks,86.8,108.5,102.3,6.2,0.542,0.472,15.0,31.5,0.191
1997,Miami Heat,88.2,106.8,100.6,6.2,0.546,0.465,15.6,29.2,0.248
1997,Detroit Pistons,84.5,110.6,104.4,6.2,0.554,0.487,14.6,27.5,0.197
1997,Houston Rockets,91.6,108.8,104.0,4.8,0.56,0.481,13.3,28.4,0.19
1997,Los Angeles Lakers,91.1,108.3,103.7,4.6,0.535,0.478,15.1,31.6,0.231
1997,Portland Trail Blazers,90.9,107.9,103.3,4.6,0.544,0.471,14.3,32.5,0.268
1997,New York Knicks,90.5,104.4,101.0,3.4,0.546,0.463,15.4,30.5,0.279
1997,Cleveland Cavaliers,82.9,104.6,102.4,2.2,0.531,0.482,16.8,29.4,0.281
1997,Charlotte Hornets,88.6,110.9,108.9,2.0,0.562,0.496,13.3,28.7,0.204
1997,Washington Bullets,92.4,106.6,104.9,1.7,0.54,0.491,15.3,30.2,0.226
1997,Indiana Pacers,89.0,105.8,104.7,1.1,0.537,0.48,15.0,31.3,0.258
1997,Phoenix Suns,93.2,109.3,108.6,0.7,0.552,0.507,14.4,27.1,0.215
1997,Orlando Magic,88.3,105.6,106.0,-0.4,0.524,0.495,15.3,30.9,0.211
1997,Minnesota Timberwolves,90.7,105.5,107.1,-1.6,0.533,0.486,14.6,28.8,0.252
1997,Milwaukee Bucks,89.5,106.2,108.3,-2.1,0.541,0.501,14.1,29.7,0.253
1997,Los Angeles Clippers,91.3,105.1,107.6,-2.5,0.524,0.499,15.5,30.8,0.269
1997,Toronto Raptors,90.6,104.6,108.0,-3.4,0.521,0.504,15.3,32.5,0.258
1997,Sacramento Kings,91.0,105.0,108.7,-3.7,0.526,0.495,14.3,32.0,0.264
1997,New Jersey Nets,92.4,104.7,109.7,-5.0,0.499,0.503,14.1,36.4,0.244
1997,Golden State Warriors,91.9,107.2,112.2,-5.0,0.543,0.518,14.4,32.3,0.234
1997,Denver Nuggets,92.4,104.5,111.2,-6.7,0.53,0.501,11.8,28.8,0.206
1997,Philadelphia 76ers,95.3,104.6,111.4,-6.8,0.518,0.51,13.8,34.1,0.222
1997,Dallas Mavericks,89.0,101.1,108.2,-7.1,0.509,0.5,14.9,30.0,0.229
1997,Boston Celtics,95.8,103.9,111.4,-7.5,0.52,0.539,15.8,29.4,0.243
1997,San Antonio Spurs,87.3,103.3,112.3,-9.0,0.512,0.514,14.0,32.4,0.236
1997,Vancouver Grizzlies,88.4,100.3,111.8,-11.5,0.507,0.51,14.4,29.7,0.224
1998,Los Angeles Lakers,93.6,111.9,103.7,8.2,0.559,0.467,14.1,31.6,0.245
1998,Seattle SuperSonics,89.8,111.6,103.6,8.0,0.558,0.478,15.9,28.7,0.223
1998,Chicago Bulls,89.0,107.7,99.8,7.9,0.516,0.457,14.7,35.7,0.22
1998,Utah Jazz,89.2,112.7,105.4,7.3,0.569,0.471,13.5,32.3,0.271
1998,Indiana Pacers,87.9,108.4,101.5,6.9,0.55,0.453,14.4,27.9,0.236
1998,Phoenix Suns,91.4,107.4,101.8,5.6,0.54,0.471,15.3,29.7,0.227
1998,Miami Heat,87.9,107.6,102.0,5.6,0.538,0.452,14.2,31.5,0.257
1998,San Antonio Spurs,88.4,103.8,99.4,4.4,0.531,0.437,12.2,30.6,0.218
1998,Atlanta Hawks,87.7,108.2,104.3,3.9,0.533,0.468,13.0,33.9,0.194
1998,Cleveland Cavaliers,89.9,102.1,99.1,3.0,0.529,0.46,16.8,30.0,0.264
1998,New York Knicks,88.2,103.0,100.3,2.7,0.521,0.455,14.7,29.5,0.282
1998,Charlotte Hornets,89.4,107.5,105.3,2.2,0.542,0.493,14.6,30.4,0.224
1998,Detroit Pistons,88.2,105.3,103.5,1.8,0.523,0.474,14.8,30.9,0.243
1998,New Jersey Nets,91.0,108.3,106.6,1.7,0.513,0.499,16.7,36.7,0.258
1998,Portland Trail Blazers,90.0,104.0,102.4,1.6,0.524,0.46,13.4,33.0,0.249
1998,Washington Wizards,91.8,105.2,104.5,0.7,0.513,0.481,15.1,31.2,0.248
1998,Minnesota Timberwolves,92.6,107.8,107.1,0.7,0.529,0.48,13.5,30.6,0.24
1998,Houston Rockets,91.0,107.7,108.6,-0.9,0.544,0.499,13.3,29.8,0.208
1998,Orlando Magic,87.1,102.6,103.8,-1.2,0.499,0.478,14.8,34.2,0.202
1998,Milwaukee Bucks,90.2,103.5,105.6,-2.1,0.527,0.485,15.5,31.4,0.282
1998,Philadelphia 76ers,90.5,102.8,105.4,-2.6,0.514,0.481,15.1,32.5,0.256
1998,Boston Celtics,93.3,102.5,105.3,-2.8,0.504,0.504,19.0,32.8,0.343
1998,Sacramento Kings,92.1,100.8,106.9,-6.1,0.502,0.482,14.0,30.2,0.23
1998,Dallas Mavericks,89.9,100.5,107.2,-6.7,0.498,0.488,14.0,27.6,0.195
1998,Los Angeles Clippers,92.4,103.3,111.2,-7.9,0.518,0.498,12.9,29.6,0.243
1998,Vancouver Grizzlies,92.1,104.1,112.0,-7.9,0.527,0.507,13.0,31.4,0.24
1998,Toronto Raptors,92.6,101.2,111.0,-9.8,0.504,0.508,14.9,32.1,0.235
1998,Golden State Warriors,91.4,95.8,105.7,-9.9,0.468,0.469,13.0,33.7,0.247
1998,Denver Nuggets,89.7,99.0,112.1,-13.1,0.496,0.506,14.3,30.2,0.285
1999,San Antonio Spurs,88.6,104.0,95.0,9.0,0.523,0.423,13.8,30.4,0.198
1999,Utah Jazz,87.0,105.8,98.4,7.4,0.545,0.441,14.4,30.0,0.242
1999,Portland Trail Blazers,89.2,104.8,97.7,7.1,0.521,0.445,14.9,31.8,0.233
1999,Miami Heat,84.8,104.7,98.9,5.8,0.54,0.439,13.6,27.3,0.226
1999,Indiana Pacers,86.4,108.7,104.4,4.3,0.537,0.46,12.7,28.7,0.236
1999,Detroit Pistons,86.3,104.2,100.3,3.9,0.528,0.468,15.4,30.5,0.259
1999,Atlanta Hawks,85.3,100.5,97.1,3.4,0.492,0.437,13.4,33.1,0.202
1999,Los Angeles Lakers,91.6,107.6,104.3,3.3,0.538,0.468,13.3,30.6,0.267
1999,Orlando Magic,88.8,100.3,97.4,2.9,0.498,0.473,16.7,32.6,0.181
1999,Houston Rockets,88.8,105.4,102.9,2.5,0.545,0.461,12.4,27.8,0.188
1999,Phoenix Suns,90.0,105.8,103.3,2.5,0.526,0.485,15.4,28.4,0.216
1999,Philadelphia 76ers,88.6,99.9,97.6,2.3,0.494,0.454,17.1,34.2,0.249
1999,Milwaukee Bucks,87.0,104.9,103.0,1.9,0.53,0.463,16.0,29.0,0.275
1999,New York Knicks,86.9,98.6,97.5,1.1,0.509,0.434,14.9,27.9,0.258
1999,Minnesota Timberwolves,91.0,101.9,101.5,0.4,0.481,0.467,15.8,32.5,0.276
1999,Charlotte Hornets,89.7,102.3,102.4,-0.1,0.537,0.461,14.3,24.4,0.24
1999,Sacramento Kings,96.0,102.7,103.1,-0.4,0.514,0.471,13.7,30.6,0.176
1999,Seattle SuperSonics,89.6,105.0,106.2,-1.2,0.519,0.489,14.1,31.9,0.213
1999,Toronto Raptors,88.8,102.0,103.9,-1.9,0.504,0.473,14.8,33.8,0.258
1999,Boston Celtics,91.5,100.4,102.4,-2.0,0.501,0.465,15.6,30.6,0.287
1999,Cleveland Cavaliers,86.4,99.6,101.6,-2.0,0.52,0.468,16.2,25.1,0.267
1999,Washington Wizards,89.8,101.2,103.7,-2.5,0.507,0.474,15.1,28.2,0.273
1999,Dallas Mavericks,89.0,102.3,104.9,-2.6,0.502,0.476,13.3,29.8,0.212
1999,Golden State Warriors,88.9,98.4,101.1,-2.7,0.471,0.445,14.0,35.2,0.29
1999,New Jersey Nets,91.5,99.5,103.6,-4.1,0.485,0.481,15.2,31.1,0.238
1999,Denver Nuggets,90.5,103.1,110.4,-7.3,0.511,0.499,13.2,30.1,0.248
1999,Vancouver Grizzlies,89.0,98.4,107.9,-9.5,0.498,0.492,14.7,30.9,0.261
1999,Los Angeles Clippers,89.5,100.0,109.7,-9.7,0.497,0.503,14.8,30.6,0.279
1999,Chicago Bulls,88.1,92.4,103.0,-10.6,0.47,0.483,15.3,26.8,0.241
2000,Los Angeles Lakers,93.3,107.3,98.2,9.1,0.525,0.443,13.4,30.6,0.222
2000,Portland Trail Blazers,89.9,107.9,100.8,7.1,0.546,0.461,13.8,30.3,0.217
2000,San Antonio Spurs,90.8,105.0,98.6,6.4,0.535,0.451,13.5,27.8,0.188
2000,Phoenix Suns,94.0,104.6,99.0,5.6,0.532,0.454,15.7,29.3,0.245
2000,Utah Jazz,89.6,107.3,102.3,5.0,0.54,0.477,15.0,29.5,0.256
2000,Indiana Pacers,93.1,108.5,103.6,4.9,0.552,0.469,12.6,24.9,0.197
2000,Miami Heat,89.7,104.5,101.0,3.5,0.533,0.453,13.3,28.2,0.229
2000,Sacramento Kings,99.3,105.0,102.1,2.9,0.526,0.479,15.1,27.7,0.198
2000,Charlotte Hornets,93.9,104.3,101.4,2.9,0.53,0.478,14.6,25.7,0.198
2000,Minnesota Timberwolves,91.8,106.1,103.4,2.7,0.525,0.474,14.0,29.4,0.25
2000,New York Knicks,89.2,102.5,100.9,1.6,0.527,0.455,13.6,24.7,0.251
2000,Detroit Pistons,95.7,107.3,105.8,1.5,0.548,0.499,15.4,26.8,0.249
2000,Philadelphia 76ers,92.7,101.5,100.0,1.5,0.501,0.466,16.2,31.4,0.229
2000,Seattle SuperSonics,93.4,105.6,104.6,1.0,0.52,0.483,14.0,28.5,0.193
2000,Orlando Magic,97.3,102.4,101.7,0.7,0.516,0.476,15.9,31.6,0.226
2000,Milwaukee Bucks,92.7,108.2,107.9,0.3,0.539,0.496,14.6,30.0,0.254
2000,Toronto Raptors,92.5,104.7,104.9,-0.2,0.511,0.48,14.2,30.1,0.247
2000,Dallas Mavericks,94.9,106.6,107.2,-0.6,0.532,0.488,14.2,25.5,0.21
2000,Boston Celtics,94.6,104.8,105.6,-0.8,0.52,0.498,15.8,30.4,0.306
2000,Houston Rockets,94.2,104.8,105.7,-0.9,0.536,0.481,12.5,29.1,0.201
2000,New Jersey Nets,92.5,105.1,106.3,-1.2,0.517,0.491,15.2,28.1,0.223
2000,Denver Nuggets,94.7,103.5,105.8,-2.3,0.517,0.479,13.0,29.2,0.235
2000,Washington Wizards,92.7,103.5,107.0,-3.5,0.521,0.489,13.9,30.6,0.273
2000,Cleveland Cavaliers,95.7,100.4,104.0,-3.6,0.516,0.474,15.1,28.1,0.275
2000,Atlanta Hawks,91.7,102.0,107.9,-5.9,0.503,0.481,11.3,31.7,0.196
2000,Vancouver Grizzlies,91.0,102.3,108.5,-6.2,0.524,0.502,14.1,30.1,0.231
2000,Golden State Warriors,95.4,99.8,108.4,-8.6,0.484,0.499,14.6,32.6,0.259
2000,Chicago Bulls,89.4,94.2,104.6,-10.4,0.49,0.484,14.5,29.9,0.24
2000,Los Angeles Clippers,93.9,97.8,110.1,-12.3,0.499,0.507,13.1,26.1,0.22
2001,San Antonio Spurs,89.6,106.6,98.0,8.6,0.541,0.444,12.9,27.1,0.182
2001,Sacramento Kings,94.4,105.6,99.6,6.0,0.529,0.46,14.5,27.2,0.181
2001,Utah Jazz,89.8,107.6,102.4,5.2,0.546,0.473,15.6,30.2,0.301
2001,Philadelphia 76ers,90.6,103.6,98.9,4.7,0.518,0.46,14.5,31.2,0.186
2001,Portland Trail Blazers,89.1,106.5,101.8,4.7,0.539,0.47,14.3,30.0,0.223
2001,Dallas Mavericks,93.2,107.1,102.6,4.5,0.544,0.467,14.2,24.1,0.244
2001,Milwaukee Bucks,92.1,108.8,104.6,4.2,0.542,0.473,14.4,28.1,0.253
2001,Los Angeles Lakers,91.7,108.4,104.8,3.6,0.535,0.468,12.2,31.1,0.234
2001,New York Knicks,86.7,101.2,98.2,3.0,0.523,0.453,14.7,24.2,0.24
2001,Miami Heat,87.1,101.1,98.5,2.6,0.515,0.46,15.3,24.3,0.214
2001,Toronto Raptors,90.9,105.9,103.4,2.5,0.51,0.476,13.3,30.8,0.212
2001,Houston Rockets,90.4,106.7,104.2,2.5,0.538,0.475,12.6,27.5,0.206
2001,Charlotte Hornets,89.4,101.8,99.5,2.3,0.506,0.456,14.1,29.8,0.222
2001,Phoenix Suns,93.1,100.3,98.0,2.3,0.506,0.46,16.3,27.3,0.252
2001,Minnesota Timberwolves,91.8,105.2,103.7,1.5,0.523,0.478,14.2,28.6,0.238
2001,Orlando Magic,93.2,103.2,102.1,1.1,0.513,0.464,15.6,29.1,0.29
2001,Seattle SuperSonics,91.6,105.6,105.6,0.0,0.53,0.488,13.9,29.1,0.199
2001,Indiana Pacers,89.4,102.0,102.2,-0.2,0.519,0.452,12.8,27.0,0.235
2001,Detroit Pistons,94.7,100.0,101.8,-1.8,0.498,0.466,14.0,29.3,0.233
2001,Boston Celtics,92.6,101.4,103.7,-2.3,0.521,0.493,16.0,25.3,0.256
2001,Denver Nuggets,92.6,103.7,106.3,-2.6,0.511,0.476,12.1,28.3,0.223
2001,Los Angeles Clippers,89.6,101.3,104.5,-3.2,0.514,0.466,12.0,28.3,0.217
2001,Cleveland Cavaliers,91.2,100.3,104.9,-4.6,0.509,0.477,14.1,29.7,0.248
2001,New Jersey Nets,91.8,100.0,105.5,-5.5,0.504,0.488,14.9,25.7,0.258
2001,Atlanta Hawks,91.9,98.7,104.3,-5.6,0.5,0.472,13.8,28.9,0.249
2001,Vancouver Grizzlies,91.7,99.6,105.8,-6.2,0.51,0.491,13.8,26.1,0.194
2001,Washington Wizards,92.7,100.6,107.8,-7.2,0.514,0.503,14.1,29.7,0.236
2001,Golden State Warriors,94.1,97.8,107.4,-9.6,0.47,0.504,15.0,33.3,0.227
2001,Chicago Bulls,89.3,97.2,107.3,-10.1,0.495,0.499,14.3,26.6,0.254
2002,Sacramento Kings,95.6,109.0,101.1,7.9,0.539,0.467,13.6,27.9,0.185
2002,Los Angeles Lakers,92.1,109.4,101.7,7.7,0.534,0.453,13.0,28.8,0.233
2002,San Antonio Spurs,90.0,106.5,99.7,6.8,0.539,0.453,13.7,27.2,0.189
2002,New Jersey Nets,91.8,104.0,99.5,4.5,0.515,0.459,14.9,29.2,0.213
2002,Dallas Mavericks,92.8,112.2,107.7,4.5,0.553,0.485,12.9,26.1,0.239
2002,Minnesota Timberwolves,90.5,109.0,105.3,3.7,0.532,0.482,12.7,31.3,0.218
2002,Portland Trail Blazers,89.3,107.4,104.0,3.4,0.528,0.489,14.2,31.8,0.202
2002,Seattle SuperSonics,89.0,108.9,105.6,3.3,0.54,0.485,14.5,29.4,0.206
2002,Boston Celtics,92.5,103.4,101.0,2.4,0.52,0.464,15.1,24.1,0.245
2002,Detroit Pistons,90.0,104.8,102.4,2.4,0.54,0.474,14.8,24.4,0.206
2002,Philadelphia 76ers,88.9,102.1,100.3,1.8,0.507,0.46,14.2,31.7,0.208
2002,Orlando Magic,93.2,107.0,105.3,1.7,0.533,0.486,14.4,26.3,0.215
2002,Utah Jazz,90.3,105.6,104.6,1.0,0.529,0.484,15.9,33.5,0.286
2002,Charlotte Hornets,89.7,104.3,103.3,1.0,0.513,0.465,13.3,30.6,0.226
2002,Indiana Pacers,91.9,104.1,103.8,0.3,0.527,0.469,13.2,27.0,0.227
2002,Milwaukee Bucks,90.2,106.9,107.1,-0.2,0.544,0.477,12.0,25.6,0.217
2002,Los Angeles Clippers,90.1,105.5,106.0,-0.5,0.519,0.477,12.1,31.3,0.194
2002,Toronto Raptors,88.8,102.6,103.1,-0.5,0.501,0.471,14.7,31.4,0.237
2002,Phoenix Suns,91.4,103.3,104.0,-0.7,0.51,0.476,14.4,30.1,0.227
2002,Washington Wizards,88.3,104.8,106.4,-1.6,0.508,0.484,13.0,30.7,0.214
2002,Miami Heat,87.4,98.5,100.2,-1.7,0.501,0.455,13.6,26.6,0.249
2002,Cleveland Cavaliers,90.3,104.6,108.2,-3.6,0.524,0.493,12.3,28.9,0.226
2002,New York Knicks,89.7,101.5,105.9,-4.4,0.514,0.479,12.9,25.6,0.236
2002,Atlanta Hawks,91.9,101.8,106.4,-4.6,0.517,0.495,14.1,27.5,0.218
2002,Houston Rockets,88.2,103.1,108.6,-5.5,0.507,0.491,11.5,29.0,0.178
2002,Golden State Warriors,94.5,102.8,108.5,-5.7,0.499,0.488,12.9,35.3,0.232
2002,Denver Nuggets,90.4,101.4,107.8,-6.4,0.495,0.492,13.6,30.6,0.245
2002,Memphis Grizzlies,91.1,98.2,106.3,-8.1,0.501,0.486,13.7,27.8,0.197
2002,Chicago Bulls,90.5,98.2,107.6,-9.4,0.499,0.497,13.7,26.6,0.239
2003,Dallas Mavericks,92.5,110.7,102.3,8.4,0.543,0.473,14.8,25.4,0.221
2003,Sacramento Kings,95.4,105.9,99.1,6.8,0.535,0.446,13.6,25.6,0.204
2003,San Antonio Spurs,90.0,105.6,99.7,5.9,0.541,0.453,14.2,28.8,0.199
2003,New Jersey Nets,91.6,103.8,98.1,5.7,0.518,0.46,15.7,28.7,0.225
2003,Detroit Pistons,86.8,104.1,99.9,4.2,0.523,0.461,13.9,25.9,0.225
2003,Indiana Pacers,91.6,104.6,100.8,3.8,0.522,0.458,14.3,29.0,0.228
2003,Portland Trail Blazers,89.4,105.5,102.6,2.9,0.531,0.483,14.9,30.2,0.194
2003,Utah Jazz,89.3,105.5,102.8,2.7,0.537,0.468,15.2,32.5,0.256
2003,Los Angeles Lakers,92.5,107.2,104.7,2.5,0.528,0.477,13.4,30.2,0.241
2003,Philadelphia 76ers,91.4,105.0,102.5,2.5,0.52,0.488,16.2,30.3,0.243
2003,Minnesota Timberwolves,91.9,106.1,103.8,2.3,0.528,0.472,12.7,28.2,0.203
2003,New Orleans Hornets,89.4,103.9,101.6,2.3,0.511,0.464,14.0,31.7,0.226
2003,Houston Rockets,88.8,104.3,102.6,1.7,0.522,0.462,12.6,30.3,0.209
2003,Phoenix Suns,91.5,103.7,102.5,1.2,0.514,0.47,14.8,29.7,0.222
2003,Orlando Magic,93.1,105.2,105.0,0.2,0.526,0.486,15.1,27.0,0.25
2003,Milwaukee Bucks,90.4,108.8,108.6,0.2,0.543,0.494,13.5,25.6,0.237
2003,Seattle SuperSonics,88.0,103.7,103.9,-0.2,0.512,0.484,14.3,28.1,0.21
2003,Boston Celtics,90.9,101.2,101.6,-0.4,0.514,0.471,15.1,23.6,0.242
2003,Washington Wizards,88.2,103.0,104.1,-1.1,0.513,0.477,13.8,27.3,0.212
2003,Golden State Warriors,94.2,108.3,109.5,-1.2,0.526,0.482,12.2,35.0,0.22
2003,New York Knicks,90.7,104.7,106.2,-1.5,0.528,0.485,13.7,24.4,0.261
2003,Memphis Grizzlies,92.7,103.9,107.3,-3.4,0.526,0.491,13.4,27.0,0.197
2003,Atlanta Hawks,91.0,102.3,106.1,-3.8,0.527,0.469,12.1,27.9,0.221
2003,Los Angeles Clippers,91.3,102.3,106.8,-4.5,0.516,0.481,13.1,29.1,0.222
2003,Chicago Bulls,93.5,100.2,105.6,-5.4,0.512,0.47,13.3,27.7,0.263
2003,Miami Heat,87.8,96.7,102.4,-5.7,0.483,0.47,14.1,26.8,0.257
2003,Toronto Raptors,89.9,100.5,107.0,-6.5,0.497,0.489,13.1,28.2,0.226
2003,Denver Nuggets,91.0,92.2,101.3,-9.1,0.469,0.477,16.5,31.3,0.29
2003,Cleveland Cavaliers,94.0,96.5,106.7,-10.2,0.491,0.484,13.0,31.0,0.252
2004,San Antonio Spurs,89.2,102.2,94.1,8.1,0.511,0.433,14.8,29.5,0.215
2004,Detroit Pistons,87.9,102.0,95.4,6.6,0.511,0.441,15.5,30.1,0.202
2004,Indiana Pacers,87.5,103.8,97.2,6.6,0.52,0.459,15.7,28.5,0.218
2004,Minnesota Timberwolves,89.0,105.9,99.7,6.2,0.528,0.444,12.9,26.7,0.215
2004,Sacramento Kings,92.8,110.3,104.9,5.4,0.554,0.483,13.7,26.0,0.193
2004,Dallas Mavericks,93.2,112.1,107.4,4.7,0.536,0.498,13.9,31.4,0.214
2004,Los Angeles Lakers,92.3,105.5,101.3,4.2,0.522,0.471,14.3,28.1,0.222
2004,New Jersey Nets,89.4,100.8,98.0,2.8,0.515,0.46,15.7,25.9,0.221
2004,Memphis Grizzlies,91.4,104.8,102.2,2.6,0.522,0.465,15.7,29.5,0.251
2004,Houston Rockets,87.8,100.9,99.0,1.9,0.528,0.447,13.1,26.5,0.233
2004,Denver Nuggets,93.3,103.9,102.7,1.2,0.517,0.481,15.6,30.5,0.221
2004,Milwaukee Bucks,91.6,106.5,105.4,1.1,0.528,0.485,13.3,27.6,0.213
2004,Miami Heat,88.0,102.2,101.7,0.5,0.51,0.463,14.5,27.4,0.26
2004,New Orleans Hornets,89.1,102.3,102.4,-0.1,0.505,0.476,15.0,30.6,0.218
2004,Seattle SuperSonics,89.9,107.3,108.0,-0.7,0.54,0.487,13.9,27.2,0.237
2004,Golden State Warriors,89.8,103.0,103.8,-0.8,0.517,0.476,13.3,28.4,0.211
2004,Portland Trail Blazers,86.2,103.7,105.1,-1.4,0.515,0.482,13.3,31.2,0.186
2004,Utah Jazz,86.6,101.9,103.3,-1.4,0.509,0.468,15.4,34.1,0.319
2004,Boston Celtics,93.2,102.1,103.7,-1.6,0.532,0.479,15.7,25.2,0.24
2004,New York Knicks,89.5,101.7,103.3,-1.6,0.518,0.461,13.2,28.0,0.259
2004,Philadelphia 76ers,88.0,99.1,101.9,-2.8,0.505,0.467,14.7,28.2,0.231
2004,Cleveland Cavaliers,90.8,101.4,104.2,-2.8,0.498,0.469,12.3,31.1,0.221
2004,Toronto Raptors,86.8,97.0,100.4,-3.4,0.495,0.449,14.1,23.8,0.241
2004,Phoenix Suns,92.6,101.4,105.5,-4.1,0.515,0.482,14.7,26.6,0.24
2004,Los Angeles Clippers,91.0,103.5,108.5,-5.0,0.512,0.494,12.9,32.8,0.231
2004,Atlanta Hawks,90.8,101.0,106.1,-5.1,0.514,0.476,13.1,28.6,0.234
2004,Washington Wizards,92.2,98.8,104.8,-6.0,0.5,0.486,14.9,30.7,0.214
2004,Chicago Bulls,92.2,96.6,103.4,-6.8,0.486,0.469,14.1,28.1,0.253
2004,Orlando Magic,90.8,102.7,110.4,-7.7,0.504,0.502,12.7,28.1,0.214
2005,San Antonio Spurs,88.9,107.5,98.8,8.7,0.534,0.452,14.7,29.1,0.236
2005,Phoenix Suns,95.9,114.5,107.1,7.4,0.571,0.478,12.0,27.5,0.176
2005,Miami Heat,90.8,110.2,103.1,7.1,0.559,0.46,12.4,27.0,0.242
2005,Dallas Mavericks,92.7,110.3,104.1,6.2,0.545,0.472,14.3,28.6,0.239
2005,Houston Rockets,88.8,106.2,101.7,4.5,0.534,0.459,12.9,26.3,0.245
2005,Detroit Pistons,87.2,105.6,101.2,4.4,0.519,0.461,13.5,31.2,0.207
2005,Seattle SuperSonics,87.9,112.2,109.6,2.6,0.546,0.496,12.9,32.4,0.249
2005,Memphis Grizzlies,88.5,105.5,102.9,2.6,0.535,0.466,15.4,27.1,0.27
2005,Sacramento Kings,93.0,110.5,108.2,2.3,0.541,0.493,13.3,28.8,0.214
2005,Denver Nuggets,93.5,106.0,103.9,2.1,0.535,0.482,15.1,28.4,0.247
2005,Minnesota Timberwolves,89.1,108.2,106.6,1.6,0.534,0.472,11.2,28.6,0.208
2005,Chicago Bulls,92.4,101.4,100.3,1.1,0.517,0.454,14.4,28.4,0.262
2005,Boston Celtics,93.3,107.5,106.6,0.9,0.551,0.481,14.2,27.2,0.274
2005,Cleveland Cavaliers,89.7,106.6,105.7,0.9,0.518,0.485,14.1,32.5,0.248
2005,Indiana Pacers,87.2,105.5,104.6,0.9,0.534,0.472,13.6,26.4,0.261
2005,Washington Wizards,93.3,107.2,107.5,-0.3,0.523,0.498,14.6,31.1,0.23
2005,Philadelphia 76ers,94.9,103.5,104.3,-0.8,0.528,0.485,15.4,25.4,0.267
2005,Los Angeles Clippers,89.1,105.5,106.4,-0.9,0.533,0.48,13.0,30.3,0.235
2005,New Jersey Nets,89.1,101.4,103.1,-1.7,0.512,0.479,15.2,25.5,0.278
2005,Toronto Raptors,92.7,106.9,108.7,-1.8,0.539,0.499,13.4,23.7,0.24
2005,Golden State Warriors,93.3,104.7,106.9,-2.2,0.512,0.491,13.9,27.8,0.227
2005,Orlando Magic,94.7,104.9,107.3,-2.4,0.529,0.484,13.2,29.9,0.255
2005,New York Knicks,90.7,106.2,108.9,-2.7,0.531,0.501,13.8,28.3,0.265
2005,Milwaukee Bucks,90.8,106.6,109.8,-3.2,0.527,0.499,12.4,29.0,0.233
2005,Los Angeles Lakers,90.8,108.1,111.4,-3.3,0.535,0.493,11.0,29.5,0.218
2005,Portland Trail Blazers,89.8,103.2,107.7,-4.5,0.524,0.479,12.6,29.6,0.204
2005,Utah Jazz,88.4,104.7,109.5,-4.8,0.522,0.499,14.2,31.9,0.34
2005,Charlotte Bobcats,92.3,101.1,107.5,-6.4,0.497,0.497,14.7,29.5,0.269
2005,New Orleans Hornets,87.6,99.7,107.7,-8.0,0.493,0.491,13.9,29.1,0.261
2005,Atlanta Hawks,91.4,100.6,111.1,-10.5,0.504,0.513,14.0,30.7,0.289
2006,San Antonio Spurs,88.5,107.3,99.6,7.7,0.546,0.457,13.5,26.0,0.22
2006,Detroit Pistons,86.8,110.8,103.1,7.7,0.535,0.477,13.7,28.9,0.191
2006,Dallas Mavericks,87.8,111.8,105.0,6.8,0.55,0.475,13.7,31.8,0.257
2006,Phoenix Suns,95.8,111.5,105.8,5.7,0.568,0.49,13.2,22.1,0.2
2006,Memphis Grizzlies,86.3,105.9,101.6,4.3,0.537,0.469,14.7,25.8,0.237
2006,Miami Heat,91.6,108.7,104.5,4.2,0.556,0.477,12.4,26.7,0.251
2006,Los Angeles Lakers,90.9,108.4,105.7,2.7,0.539,0.486,13.4,28.8,0.242
2006,Cleveland Cavaliers,89.8,107.8,105.4,2.4,0.538,0.49,12.8,28.4,0.226
2006,Indiana Pacers,89.7,104.5,102.4,2.1,0.533,0.464,13.0,27.1,0.232
2006,Washington Wizards,92.3,109.3,107.3,2.0,0.538,0.504,15.1,29.5,0.256
2006,Sacramento Kings,91.9,106.7,105.0,1.7,0.544,0.488,13.7,25.4,0.21
2006,Los Angeles Clippers,91.7,105.3,103.6,1.7,0.54,0.471,12.2,25.4,0.24
2006,New Jersey Nets,89.8,103.9,102.4,1.5,0.528,0.476,14.0,24.0,0.266
2006,Chicago Bulls,92.9,104.0,103.4,0.6,0.527,0.464,13.9,26.3,0.295
2006,Denver Nuggets,93.9,105.5,105.2,0.3,0.535,0.493,14.7,26.8,0.227
2006,Milwaukee Bucks,91.2,106.3,107.4,-1.1,0.535,0.504,13.8,27.3,0.262
2006,Orlando Magic,88.3,106.3,107.5,-1.2,0.543,0.49,13.0,28.5,0.264
2006,Golden State Warriors,93.3,104.8,106.2,-1.4,0.521,0.492,14.1,26.9,0.243
2006,Houston Rockets,88.0,101.6,103.3,-1.7,0.519,0.472,13.1,25.5,0.247
2006,Boston Celtics,92.2,105.2,106.9,-1.7,0.551,0.49,13.8,25.5,0.282
2006,Minnesota Timberwolves,88.8,102.4,104.5,-2.1,0.524,0.475,13.4,25.2,0.236
2006,Philadelphia 76ers,92.7,106.0,108.1,-2.1,0.538,0.5,14.3,25.6,0.24
2006,Utah Jazz,87.8,104.1,107.0,-2.9,0.519,0.49,14.0,32.4,0.303
2006,New Orleans/Oklahoma City Hornets,89.0,103.7,106.8,-3.1,0.515,0.502,14.3,26.9,0.243
2006,Toronto Raptors,91.1,109.5,112.7,-3.2,0.548,0.53,13.5,25.4,0.263
2006,Seattle SuperSonics,91.6,111.1,114.4,-3.3,0.551,0.527,13.6,30.4,0.26
2006,Charlotte Bobcats,93.4,102.5,106.7,-4.2,0.509,0.514,16.5,27.1,0.263
2006,Atlanta Hawks,90.4,106.4,111.6,-5.2,0.534,0.513,14.1,31.4,0.275
2006,New York Knicks,90.8,104.0,111.0,-7.0,0.534,0.511,13.4,31.2,0.294
2006,Portland Trail Blazers,87.6,101.1,111.9,-10.8,0.511,0.507,12.6,26.6,0.231
2007,San Antonio Spurs,89.8,109.2,99.9,9.3,0.561,0.471,14.0,24.2,0.201
2007,Dallas Mavericks,89.5,111.3,103.2,8.1,0.559,0.477,14.2,28.7,0.265
2007,Phoenix Suns,95.6,113.9,106.4,7.5,0.59,0.492,13.6,22.7,0.206
2007,Chicago Bulls,93.6,104.9,99.6,5.3,0.534,0.473,16.2,28.6,0.252
2007,Houston Rockets,90.7,106.0,100.7,5.3,0.54,0.466,13.6,25.7,0.23
2007,Detroit Pistons,87.3,108.9,104.2,4.7,0.535,0.477,14.3,28.3,0.234
2007,Cleveland Cavaliers,90.8,105.5,101.3,4.2,0.522,0.48,14.7,29.7,0.243
2007,Utah Jazz,91.6,110.1,107.0,3.1,0.551,0.496,14.4,31.7,0.314
2007,Denver Nuggets,97.4,107.6,105.9,1.7,0.548,0.499,14.5,28.9,0.203
2007,Toronto Raptors,92.6,107.0,106.0,1.0,0.55,0.503,14.3,22.2,0.219
2007,Orlando Magic,89.9,104.9,104.1,0.8,0.544,0.48,14.6,29.3,0.286
2007,Los Angeles Lakers,93.5,108.6,108.6,0.0,0.554,0.5,13.5,26.1,0.262
2007,Golden State Warriors,99.2,107.0,107.4,-0.4,0.548,0.506,16.1,25.6,0.264
2007,Washington Wizards,94.1,110.1,110.6,-0.5,0.542,0.517,14.4,28.1,0.249
2007,Los Angeles Clippers,90.8,105.1,105.6,-0.5,0.537,0.488,13.3,27.2,0.249
2007,New Jersey Nets,91.4,105.7,106.6,-0.9,0.546,0.49,13.7,24.6,0.266
2007,Miami Heat,89.9,104.3,105.3,-1.0,0.541,0.485,13.8,24.9,0.232
2007,New Orleans/Oklahoma City Hornets,90.2,104.8,106.5,-1.7,0.52,0.499,13.2,29.1,0.212
2007,Sacramento Kings,94.8,106.2,108.0,-1.8,0.545,0.513,14.9,23.1,0.24
2007,Indiana Pacers,92.4,102.9,105.5,-2.6,0.523,0.491,14.8,28.4,0.271
2007,Seattle SuperSonics,91.8,107.2,110.3,-3.1,0.544,0.515,14.1,27.8,0.243
2007,New York Knicks,90.8,105.7,108.8,-3.1,0.539,0.504,13.0,31.0,0.246
2007,Philadelphia 76ers,90.7,103.6,106.9,-3.3,0.53,0.501,14.7,27.2,0.221
2007,Boston Celtics,92.0,103.2,106.9,-3.7,0.53,0.502,14.5,27.0,0.28
2007,Minnesota Timberwolves,91.0,103.9,107.9,-4.0,0.537,0.498,13.3,25.1,0.226
2007,Charlotte Bobcats,92.0,103.6,107.6,-4.0,0.524,0.5,14.7,26.4,0.279
2007,Milwaukee Bucks,92.3,107.0,111.7,-4.7,0.541,0.522,14.5,27.6,0.234
2007,Portland Trail Blazers,88.3,105.1,109.9,-4.8,0.53,0.508,13.5,28.2,0.267
2007,Atlanta Hawks,90.0,103.0,108.3,-5.3,0.523,0.503,14.5,29.2,0.268
2007,Memphis Grizzlies,93.6,106.9,112.3,-5.4,0.555,0.529,14.0,25.9,0.237
2008,Boston Celtics,90.9,110.2,98.9,11.3,0.569,0.457,15.2,26.6,0.253
2008,Detroit Pistons,87.3,111.4,102.9,8.5,0.539,0.47,13.4,29.4,0.244
2008,Los Angeles Lakers,95.6,113.0,105.5,7.5,0.57,0.485,12.9,26.3,0.214
2008,Utah Jazz,93.2,113.8,106.5,7.3,0.573,0.501,15.0,29.5,0.294
2008,Orlando Magic,93.4,111.3,105.5,5.8,0.575,0.484,12.3,23.4,0.217
2008,New Orleans Hornets,89.9,111.5,105.7,5.8,0.548,0.501,13.5,27.0,0.184
2008,San Antonio Spurs,88.8,107.2,101.8,5.4,0.543,0.477,12.8,23.4,0.201
2008,Houston Rockets,90.4,106.8,101.6,5.2,0.528,0.465,12.8,29.1,0.214
2008,Phoenix Suns,96.7,113.3,108.1,5.2,0.59,0.488,11.8,22.4,0.191
2008,Dallas Mavericks,90.2,111.1,106.1,5.0,0.554,0.474,11.7,26.7,0.252
2008,Denver Nuggets,99.7,110.0,106.3,3.7,0.557,0.499,14.1,25.5,0.203
2008,Toronto Raptors,90.2,110.2,107.0,3.2,0.551,0.505,13.5,23.4,0.205
2008,Golden State Warriors,98.8,111.8,109.5,2.3,0.548,0.509,14.7,27.2,0.258
2008,Philadelphia 76ers,90.4,106.4,106.0,0.4,0.522,0.504,15.1,31.8,0.205
2008,Washington Wizards,89.5,109.2,109.6,-0.4,0.535,0.513,13.5,28.9,0.217
2008,Cleveland Cavaliers,90.2,106.0,106.4,-0.4,0.52,0.494,12.9,30.4,0.24
2008,Portland Trail Blazers,87.9,107.3,108.4,-1.1,0.532,0.491,12.1,26.8,0.212
2008,Indiana Pacers,97.7,106.0,107.5,-1.5,0.54,0.498,14.1,24.4,0.271
2008,Atlanta Hawks,91.1,106.9,108.9,-2.0,0.535,0.501,12.9,29.7,0.217
2008,Sacramento Kings,94.7,107.5,109.9,-2.4,0.556,0.51,13.9,25.2,0.256
2008,Chicago Bulls,93.0,103.9,107.2,-3.3,0.515,0.496,14.2,28.9,0.258
2008,Charlotte Bobcats,91.8,104.6,109.4,-4.8,0.532,0.505,13.4,25.6,0.235
2008,New Jersey Nets,91.5,104.0,109.4,-5.4,0.528,0.497,12.7,26.6,0.271
2008,Memphis Grizzlies,95.3,105.0,111.4,-6.4,0.539,0.521,12.2,23.8,0.196
2008,New York Knicks,91.6,104.7,111.9,-7.2,0.518,0.518,12.1,28.6,0.229
2008,Minnesota Timberwolves,91.9,103.8,111.2,-7.4,0.518,0.513,12.9,27.5,0.269
2008,Milwaukee Bucks,91.3,105.3,112.8,-7.5,0.522,0.524,13.0,30.0,0.25
2008,Los Angeles Clippers,92.1,101.2,109.1,-7.9,0.519,0.503,12.8,23.1,0.236
2008,Seattle SuperSonics,96.3,100.5,109.5,-9.0,0.509,0.503,11.9,26.8,0.215
2008,Miami Heat,90.2,100.5,110.0,-9.5,0.522,0.51,13.6,22.1,0.245
2009,Cleveland Cavaliers,88.7,112.4,102.4,10.0,0.56,0.468,13.5,27.7,0.226
2009,Boston Celtics,90.4,110.5,102.3,8.2,0.571,0.47,14.0,27.9,0.253
2009,Los Angeles Lakers,94.3,112.8,104.7,8.1,0.555,0.49,14.2,29.4,0.213
2009,Orlando Magic,92.3,109.2,101.9,7.3,0.559,0.465,12.3,24.0,0.209
2009,Portland Trail Blazers,86.6,113.9,107.8,6.1,0.553,0.499,13.2,32.6,0.227
2009,Houston Rockets,90.2,108.4,104.0,4.4,0.548,0.479,11.9,26.4,0.192
2009,San Antonio Spurs,88.4,108.5,104.3,4.2,0.548,0.487,11.7,22.1,0.191
2009,Denver Nuggets,94.3,110.4,106.8,3.6,0.563,0.485,14.1,27.5,0.259
2009,Utah Jazz,93.1,110.1,107.3,2.8,0.554,0.505,15.0,28.2,0.262
2009,Dallas Mavericks,91.5,110.5,108.4,2.1,0.55,0.493,12.3,26.6,0.225
2009,Phoenix Suns,96.0,113.6,111.6,2.0,0.584,0.511,12.8,27.7,0.233
2009,Atlanta Hawks,89.6,109.3,107.6,1.7,0.546,0.494,13.2,26.0,0.21
2009,New Orleans Hornets,87.8,108.7,107.0,1.7,0.548,0.496,13.2,24.6,0.23
2009,Miami Heat,89.9,107.8,107.6,0.2,0.54,0.501,14.5,24.6,0.251
2009,Philadelphia 76ers,90.0,107.9,107.8,0.1,0.532,0.507,14.9,31.3,0.216
2009,Chicago Bulls,93.1,108.4,108.7,-0.3,0.541,0.493,13.1,28.0,0.238
2009,Detroit Pistons,86.7,107.4,108.0,-0.6,0.524,0.485,11.7,27.9,0.248
2009,Indiana Pacers,96.5,108.1,109.2,-1.1,0.545,0.499,12.7,25.4,0.271
2009,Milwaukee Bucks,92.6,106.7,107.9,-1.2,0.531,0.503,15.6,27.8,0.315
2009,Charlotte Bobcats,88.3,104.7,106.1,-1.4,0.536,0.498,14.4,27.7,0.229
2009,New York Knicks,96.7,108.1,110.8,-2.7,0.544,0.52,13.0,24.4,0.215
2009,New Jersey Nets,89.9,108.3,111.0,-2.7,0.543,0.509,13.0,25.2,0.272
2009,Toronto Raptors,92.0,107.0,110.0,-3.0,0.542,0.511,12.6,24.0,0.202
2009,Golden State Warriors,98.2,109.5,113.3,-3.8,0.549,0.508,12.9,26.1,0.251
2009,Minnesota Timberwolves,91.6,106.1,111.4,-5.3,0.526,0.515,12.0,27.7,0.254
2009,Memphis Grizzlies,90.1,103.5,109.5,-6.0,0.533,0.515,14.1,25.8,0.247
2009,Oklahoma City Thunder,93.6,102.9,109.4,-6.5,0.521,0.514,13.0,28.6,0.216
2009,Washington Wizards,91.0,105.4,113.6,-8.2,0.524,0.533,13.3,27.7,0.227
2009,Sacramento Kings,94.2,105.5,114.7,-9.2,0.542,0.526,13.0,24.5,0.269
2009,Los Angeles Clippers,92.1,102.3,111.7,-9.4,0.52,0.512,12.4,25.1,0.227
2010,Orlando Magic,92.0,111.4,103.3,8.1,0.573,0.477,12.2,24.6,0.205
2010,Cleveland Cavaliers,91.4,111.2,104.1,7.1,0.57,0.482,12.3,25.1,0.218
2010,Utah Jazz,93.8,110.7,105.0,5.7,0.565,0.492,14.2,26.8,0.269
2010,San Antonio Spurs,91.7,110.0,104.5,5.5,0.552,0.483,12.1,26.8,0.214
2010,Atlanta Hawks,90.1,111.9,106.7,5.2,0.545,0.496,13.2,28.2,0.208
2010,Phoenix Suns,95.3,115.3,110.2,5.1,0.585,0.491,11.6,27.6,0.224
2010,Los Angeles Lakers,92.8,108.8,103.7,5.1,0.538,0.484,13.2,27.6,0.195
2010,Denver Nuggets,94.8,111.8,107.5,4.3,0.561,0.495,13.8,26.1,0.251
2010,Boston Celtics,91.6,107.7,103.8,3.9,0.564,0.487,14.9,22.8,0.251
2010,Portland Trail Blazers,87.7,110.8,107.1,3.7,0.547,0.502,13.3,28.2,0.219
2010,Oklahoma City Thunder,93.1,108.3,104.6,3.7,0.547,0.483,14.0,28.6,0.229
2010,Dallas Mavericks,92.5,109.2,106.3,2.9,0.552,0.495,13.6,24.3,0.206
2010,Miami Heat,89.6,106.6,104.1,2.5,0.537,0.48,13.9,26.1,0.246
2010,Milwaukee Bucks,91.7,104.9,103.1,1.8,0.518,0.486,14.6,26.2,0.266
2010,Charlotte Bobcats,90.4,104.4,102.8,1.6,0.538,0.491,14.7,26.5,0.194
2010,Houston Rockets,94.0,107.6,108.0,-0.4,0.537,0.511,13.6,26.9,0.215
2010,Memphis Grizzlies,93.6,108.3,109.9,-1.6,0.536,0.52,13.2,31.3,0.205
2010,Chicago Bulls,93.1,103.5,105.3,-1.8,0.52,0.484,12.3,26.6,0.212
2010,Toronto Raptors,93.1,111.3,113.2,-1.9,0.564,0.513,11.8,24.7,0.247
2010,New Orleans Hornets,92.6,107.4,110.1,-2.7,0.543,0.523,13.5,24.8,0.205
2010,Indiana Pacers,97.1,103.7,106.8,-3.1,0.536,0.49,13.4,21.6,0.258
2010,Golden State Warriors,100.4,108.1,111.7,-3.6,0.557,0.525,15.1,20.9,0.26
2010,New York Knicks,94.0,107.6,111.6,-4.0,0.547,0.526,13.3,23.5,0.207
2010,Philadelphia 76ers,91.6,106.1,110.3,-4.2,0.534,0.518,13.8,27.6,0.231
2010,Sacramento Kings,94.0,105.3,109.9,-4.6,0.528,0.505,12.6,27.8,0.244
2010,Washington Wizards,91.6,104.2,109.4,-5.2,0.524,0.502,12.8,27.6,0.239
2010,Detroit Pistons,88.5,105.6,111.4,-5.8,0.515,0.526,14.2,30.3,0.264
2010,Los Angeles Clippers,92.6,103.3,110.1,-6.8,0.529,0.509,12.2,27.1,0.214
2010,Minnesota Timberwolves,96.1,101.7,111.6,-9.9,0.518,0.525,13.0,26.7,0.22
2010,New Jersey Nets,91.4,100.6,110.5,-9.9,0.509,0.517,13.3,25.1,0.229
2011,Miami Heat,90.9,111.7,103.5,8.2,0.573,0.475,12.6,25.2,0.223
2011,Chicago Bulls,90.4,108.3,100.3,8.0,0.541,0.463,13.6,29.4,0.222
2011,Los Angeles Lakers,90.7,111.0,104.3,6.7,0.545,0.477,12.8,29.2,0.181
2011,San Antonio Spurs,92.3,111.8,105.6,6.2,0.567,0.491,12.6,24.9,0.19
2011,Boston Celtics,90.4,106.2,100.3,5.9,0.561,0.469,14.8,21.1,0.235
2011,Orlando Magic,91.2,107.9,102.0,5.9,0.554,0.475,13.3,26.1,0.219
2011,Denver Nuggets,95.6,112.3,107.3,5.0,0.574,0.5,12.7,23.9,0.224
2011,Dallas Mavericks,91.3,109.7,105.0,4.7,0.565,0.488,13.0,24.1,0.206
2011,Oklahoma City Thunder,92.7,111.2,107.2,4.0,0.561,0.493,12.9,27.4,0.228
2011,Memphis Grizzlies,91.9,107.6,105.1,2.5,0.534,0.502,15.7,28.9,0.228
2011,Houston Rockets,94.2,111.3,109.0,2.3,0.55,0.5,12.6,27.4,0.219
2011,Portland Trail Blazers,87.9,108.8,107.1,1.7,0.533,0.51,15.4,29.5,0.231
2011,Philadelphia 76ers,91.7,106.6,105.0,1.6,0.535,0.487,13.5,24.6,0.231
2011,New Orleans Hornets,88.7,106.2,105.2,1.0,0.537,0.501,14.4,25.1,0.22
2011,New York Knicks,95.6,110.9,110.1,0.8,0.561,0.511,13.8,24.2,0.24
2011,Milwaukee Bucks,89.8,101.6,102.5,-0.9,0.511,0.481,14.7,24.7,0.236
2011,Phoenix Suns,94.4,109.5,110.4,-0.9,0.559,0.513,13.1,23.7,0.211
2011,Atlanta Hawks,89.3,106.1,107.0,-0.9,0.542,0.495,12.3,23.4,0.211
2011,Indiana Pacers,94.7,104.8,106.0,-1.2,0.533,0.487,12.8,25.9,0.237
2011,Utah Jazz,91.0,108.1,110.1,-2.0,0.544,0.505,13.8,27.0,0.275
2011,Golden State Warriors,94.8,108.2,110.7,-2.5,0.544,0.509,14.5,26.7,0.259
2011,Los Angeles Clippers,92.8,105.3,108.7,-3.4,0.535,0.499,12.8,28.4,0.25
2011,Detroit Pistons,89.2,107.7,111.7,-4.0,0.533,0.526,13.8,27.4,0.235
2011,Charlotte Bobcats,89.6,103.4,107.8,-4.4,0.528,0.5,12.9,25.7,0.229
2011,Sacramento Kings,95.2,103.5,109.0,-5.5,0.519,0.513,13.5,29.9,0.233
2011,New Jersey Nets,89.9,103.1,109.9,-6.8,0.517,0.503,11.8,26.1,0.241
2011,Toronto Raptors,92.9,106.1,112.9,-6.8,0.533,0.522,13.0,28.2,0.251
2011,Minnesota Timberwolves,96.5,104.2,111.1,-6.9,0.526,0.514,13.1,29.6,0.251
2011,Washington Wizards,93.8,102.4,110.2,-7.8,0.513,0.512,14.4,28.0,0.249
2011,Cleveland Cavaliers,93.0,102.2,111.8,-9.6,0.518,0.524,12.7,24.2,0.211
2012,Chicago Bulls,89.1,107.4,98.3,9.1,0.523,0.45,12.8,32.6,0.175
2012,San Antonio Spurs,92.9,110.9,103.2,7.7,0.562,0.489,12.9,25.1,0.168
2012,Oklahoma City Thunder,93.0,109.8,103.2,6.6,0.567,0.465,13.0,27.8,0.207
2012,Miami Heat,91.2,106.6,100.2,6.4,0.549,0.479,15.8,26.6,0.2
2012,Philadelphia 76ers,89.7,103.9,99.2,4.7,0.511,0.46,13.5,24.4,0.192
2012,Atlanta Hawks,90.2,104.9,101.2,3.7,0.535,0.48,14.4,23.9,0.186
2012,Indiana Pacers,90.7,106.7,103.1,3.6,0.526,0.476,14.1,29.2,0.222
2012,New York Knicks,93.2,104.4,101.0,3.4,0.533,0.485,15.9,26.6,0.224
2012,Denver Nuggets,94.2,109.2,106.2,3.0,0.556,0.508,14.3,27.7,0.185
2012,Boston Celtics,90.4,101.0,98.2,2.8,0.535,0.452,14.9,19.7,0.216
2012,Los Angeles Clippers,89.2,108.5,105.7,2.8,0.533,0.492,14.2,29.5,0.245
2012,Memphis Grizzlies,90.8,104.0,101.8,2.2,0.515,0.485,16.3,29.8,0.227
2012,Los Angeles Lakers,90.5,106.0,104.4,1.6,0.534,0.476,10.7,29.1,0.158
2012,Dallas Mavericks,91.4,103.3,102.3,1.0,0.527,0.479,13.9,23.4,0.203
2012,Orlando Magic,89.0,105.0,104.1,0.9,0.533,0.488,12.9,26.5,0.19
2012,Utah Jazz,91.4,106.8,106.1,0.7,0.525,0.493,13.8,30.2,0.245
2012,Milwaukee Bucks,93.7,105.5,105.2,0.3,0.521,0.489,14.6,27.7,0.217
2012,Houston Rockets,91.7,105.5,105.2,0.3,0.529,0.49,13.8,27.5,0.21
2012,Phoenix Suns,92.6,106.2,106.5,-0.3,0.536,0.491,13.1,25.8,0.2
2012,Portland Trail Blazers,91.2,105.7,106.4,-0.7,0.531,0.504,14.1,26.3,0.199
2012,Minnesota Timberwolves,93.3,104.3,106.6,-2.3,0.524,0.491,12.2,27.5,0.187
2012,Golden State Warriors,92.3,105.4,109.1,-3.7,0.539,0.496,13.6,22.9,0.237
2012,Toronto Raptors,89.3,100.8,104.5,-3.7,0.518,0.475,12.8,25.9,0.26
2012,New Orleans Hornets,88.3,100.9,105.1,-4.2,0.517,0.485,13.5,27.5,0.218
2012,Washington Wizards,92.5,101.0,106.2,-5.2,0.508,0.492,14.2,27.3,0.229
2012,Detroit Pistons,89.2,101.0,106.3,-5.3,0.51,0.5,14.2,28.1,0.226
2012,Sacramento Kings,94.7,103.8,109.8,-6.0,0.51,0.515,13.9,29.1,0.199
2012,New Jersey Nets,90.1,102.9,109.6,-6.7,0.516,0.513,13.7,27.8,0.209
2012,Cleveland Cavaliers,91.3,101.1,108.9,-7.8,0.505,0.508,13.1,28.9,0.202
2012,Charlotte Bobcats,91.1,95.2,110.4,-15.2,0.483,0.512,12.8,23.6,0.206
2013,Oklahoma City Thunder,93.3,112.4,102.6,9.8,0.58,0.469,13.5,26.7,0.197
2013,Miami Heat,90.7,112.3,103.7,8.6,0.588,0.487,14.8,22.2,0.2
2013,Los Angeles Clippers,91.1,110.6,103.6,7.0,0.557,0.492,15.4,28.8,0.229
2013,San Antonio Spurs,94.2,108.3,101.6,6.7,0.568,0.48,13.7,20.5,0.179
2013,Denver Nuggets,95.1,110.4,105.1,5.3,0.549,0.493,14.3,31.4,0.193
2013,New York Knicks,89.8,111.1,106.3,4.8,0.55,0.508,14.8,25.6,0.216
2013,Memphis Grizzlies,88.4,104.9,100.3,4.6,0.514,0.475,15.2,31.0,0.209
2013,Indiana Pacers,90.2,104.3,99.8,4.5,0.521,0.453,12.9,30.3,0.197
2013,Houston Rockets,96.1,109.7,106.1,3.6,0.564,0.502,13.5,26.4,0.196
2013,Brooklyn Nets,88.8,108.2,106.2,2.0,0.536,0.503,13.1,30.9,0.174
2013,Los Angeles Lakers,94.4,107.8,106.6,1.2,0.548,0.496,11.9,27.0,0.163
2013,Golden State Warriors,94.5,106.4,105.5,0.9,0.545,0.486,12.4,25.4,0.211
2013,Atlanta Hawks,92.6,104.8,104.4,0.4,0.546,0.496,14.2,22.2,0.181
2013,Chicago Bulls,89.3,103.5,103.2,0.3,0.512,0.477,13.2,29.4,0.206
2013,Utah Jazz,90.9,106.7,106.8,-0.1,0.533,0.501,14.0,28.8,0.226
2013,Boston Celtics,91.7,103.1,103.3,-0.2,0.542,0.482,14.2,20.1,0.216
2013,Dallas Mavericks,94.1,105.9,106.5,-0.6,0.544,0.492,13.3,21.8,0.227
2013,Milwaukee Bucks,94.7,103.6,105.2,-1.6,0.51,0.492,14.4,27.9,0.201
2013,Toronto Raptors,90.4,105.9,107.5,-1.6,0.532,0.5,13.6,25.5,0.247
2013,Minnesota Timberwolves,92.8,102.9,105.4,-2.5,0.516,0.511,15.0,27.4,0.187
2013,Washington Wizards,92.2,100.2,103.0,-2.8,0.512,0.483,13.7,24.6,0.206
2013,Portland Trail Blazers,91.4,105.8,109.2,-3.4,0.536,0.512,12.5,25.3,0.189
2013,Philadelphia 76ers,91.0,102.0,105.7,-3.7,0.509,0.495,13.7,24.9,0.2
2013,Detroit Pistons,90.8,103.8,108.1,-4.3,0.521,0.505,13.1,28.3,0.209
2013,New Orleans Hornets,88.5,105.7,110.1,-4.4,0.528,0.52,13.1,29.2,0.208
2013,Cleveland Cavaliers,92.3,104.3,109.4,-5.1,0.514,0.523,14.4,28.1,0.225
2013,Sacramento Kings,93.6,106.2,111.4,-5.2,0.532,0.517,13.6,26.6,0.227
2013,Phoenix Suns,93.4,101.2,108.1,-6.9,0.512,0.512,14.2,27.0,0.208
2013,Orlando Magic,92.2,101.6,109.1,-7.5,0.514,0.508,11.8,25.4,0.195
2013,Charlotte Bobcats,91.5,101.5,111.5,-10.0,0.507,0.524,13.2,25.7,0.197
2014,San Antonio Spurs,95.0,110.5,102.4,8.1,0.571,0.482,12.8,22.7,0.184
2014,Los Angeles Clippers,95.9,112.1,104.8,7.3,0.567,0.484,13.8,25.0,0.222
2014,Oklahoma City Thunder,95.4,110.5,103.9,6.6,0.566,0.488,13.9,26.5,0.221
2014,Miami Heat,91.2,110.9,105.8,5.1,0.59,0.511,15.8,20.6,0.212
2014,Golden State Warriors,96.2,107.5,102.6,4.9,0.55,0.477,13.6,25.1,0.224
2014,Indiana Pacers,92.5,104.1,99.3,4.8,0.535,0.46,12.9,24.9,0.197
2014,Houston Rockets,96.3,111.0,106.3,4.7,0.571,0.489,12.5,27.4,0.193
2014,Portland Trail Blazers,94.9,111.5,107.4,4.1,0.548,0.488,10.9,28.0,0.194
2014,Toronto Raptors,91.8,108.8,105.3,3.5,0.545,0.493,14.1,27.2,0.237
2014,Phoenix Suns,95.8,109.5,106.7,2.8,0.558,0.496,13.9,26.4,0.237
2014,Minnesota Timberwolves,97.3,108.9,106.2,2.7,0.535,0.518,14.8,27.4,0.177
2014,Dallas Mavericks,93.5,111.2,108.7,2.5,0.564,0.515,14.8,24.6,0.229
2014,Chicago Bulls,90.2,102.5,100.5,2.0,0.518,0.471,13.7,27.2,0.189
2014,Memphis Grizzlies,89.9,106.3,104.6,1.7,0.529,0.497,13.8,28.3,0.199
2014,Washington Wizards,93.2,106.0,104.6,1.4,0.538,0.504,15.0,25.2,0.22
2014,Charlotte Bobcats,92.4,103.6,103.8,-0.2,0.522,0.491,12.6,21.9,0.183
2014,Atlanta Hawks,94.6,105.9,106.4,-0.5,0.554,0.51,14.0,21.0,0.196
2014,New York Knicks,90.3,108.3,109.1,-0.8,0.541,0.514,14.0,25.1,0.245
2014,Brooklyn Nets,91.4,106.7,107.7,-1.0,0.555,0.509,14.9,21.7,0.236
2014,Denver Nuggets,98.1,106.0,108.2,-2.2,0.536,0.5,12.8,27.5,0.233
2014,New Orleans Pelicans,92.2,107.2,110.1,-2.9,0.537,0.515,13.6,26.9,0.249
2014,Sacramento Kings,94.4,105.7,108.8,-3.1,0.532,0.512,12.7,27.8,0.234
2014,Cleveland Cavaliers,93.1,104.2,107.7,-3.5,0.518,0.508,13.0,27.2,0.199
2014,Detroit Pistons,94.9,105.9,109.7,-3.8,0.514,0.52,13.8,31.4,0.218
2014,Boston Celtics,93.3,102.9,107.7,-4.8,0.517,0.505,13.4,27.4,0.227
2014,Orlando Magic,93.6,101.7,107.4,-5.7,0.525,0.504,13.0,22.4,0.211
2014,Los Angeles Lakers,98.7,104.2,110.6,-6.4,0.542,0.513,12.4,20.2,0.192
2014,Utah Jazz,91.4,103.5,111.3,-7.8,0.523,0.518,12.1,25.5,0.227
2014,Milwaukee Bucks,91.8,103.0,111.8,-8.8,0.519,0.52,13.2,27.1,0.225
2014,Philadelphia 76ers,99.2,99.4,109.9,-10.5,0.51,0.524,14.9,24.8,0.244
2015,Golden State Warriors,98.3,111.6,101.4,10.2,0.571,0.47,14.3,24.1,0.217
2015,Los Angeles Clippers,94.7,112.4,105.5,6.9,0.565,0.493,13.2,22.8,0.231
2015,San Antonio Spurs,93.8,108.5,102.0,6.5,0.555,0.484,13.3,23.4,0.19
2015,Atlanta Hawks,93.9,108.9,103.1,5.8,0.563,0.492,14.9,21.4,0.185
2015,Cleveland Cavaliers,92.3,111.1,106.3,4.8,0.557,0.502,12.6,26.8,0.177
2015,Portland Trail Blazers,94.2,108.2,103.7,4.5,0.544,0.476,11.3,24.2,0.182
2015,Houston Rockets,96.5,107.0,103.4,3.6,0.548,0.486,14.6,26.8,0.208
2015,Memphis Grizzlies,92.0,105.7,102.2,3.5,0.531,0.492,14.5,24.7,0.183
2015,Toronto Raptors,92.8,111.0,107.7,3.3,0.553,0.506,13.4,25.6,0.208
2015,Chicago Bulls,92.8,107.5,104.3,3.2,0.536,0.473,11.3,27.0,0.182
2015,Dallas Mavericks,95.2,109.5,106.4,3.1,0.55,0.503,14.7,23.6,0.204
2015,Oklahoma City Thunder,95.7,107.8,105.5,2.3,0.532,0.489,12.4,28.9,0.213
2015,New Orleans Pelicans,91.4,108.2,107.3,0.9,0.537,0.496,11.7,27.1,0.195
2015,Washington Wizards,93.7,103.7,103.0,0.7,0.534,0.481,12.9,24.9,0.21
2015,Milwaukee Bucks,94.1,102.7,102.2,0.5,0.536,0.487,15.9,25.4,0.221
2015,Indiana Pacers,93.2,103.5,103.2,0.3,0.523,0.478,12.0,24.0,0.217
2015,Utah Jazz,90.4,105.1,104.9,0.2,0.531,0.491,12.8,29.1,0.199
2015,Boston Celtics,95.8,104.7,104.5,0.2,0.523,0.494,13.7,24.7,0.208
2015,Phoenix Suns,96.3,105.3,106.2,-0.9,0.537,0.497,14.0,24.5,0.221
2015,Detroit Pistons,92.8,105.3,106.4,-1.1,0.515,0.502,13.2,27.7,0.192
2015,Miami Heat,90.9,103.9,106.7,-2.8,0.54,0.505,14.2,23.2,0.213
2015,Brooklyn Nets,92.7,104.4,107.4,-3.0,0.529,0.506,12.9,23.9,0.185
2015,Charlotte Hornets,93.0,100.1,103.5,-3.4,0.498,0.487,12.0,22.1,0.188
2015,Denver Nuggets,96.1,104.5,108.2,-3.7,0.518,0.504,13.0,26.6,0.239
2015,Sacramento Kings,95.4,105.3,109.2,-3.9,0.542,0.507,11.8,26.5,0.2
2015,Orlando Magic,93.8,101.6,107.7,-6.1,0.524,0.514,13.6,23.1,0.21
2015,Los Angeles Lakers,94.0,103.4,110.6,-7.2,0.513,0.518,12.1,25.4,0.231
2015,Minnesota Timberwolves,94.4,102.9,112.2,-9.3,0.517,0.537,13.9,26.6,0.187
2015,Philadelphia 76ers,95.7,95.5,104.8,-9.3,0.494,0.497,15.2,25.5,0.225
2015,New York Knicks,91.2,99.9,110.0,-10.1,0.508,0.512,13.3,24.5,0.234
2016,San Antonio Spurs,93.8,110.3,99.0,11.3,0.564,0.477,14.1,23.0,0.182
2016,Golden State Warriors,99.3,114.5,103.8,10.7,0.593,0.479,12.6,23.5,0.208
2016,Oklahoma City Thunder,96.7,113.1,105.6,7.5,0.565,0.484,11.7,31.1,0.205
2016,Cleveland Cavaliers,93.3,110.9,104.5,6.4,0.558,0.496,12.6,25.1,0.205
2016,Toronto Raptors,92.9,110.0,105.2,4.8,0.552,0.498,12.7,24.6,0.201
2016,Los Angeles Clippers,95.8,108.3,103.8,4.5,0.556,0.48,13.8,20.1,0.222
2016,Atlanta Hawks,97.1,105.1,101.4,3.7,0.552,0.48,14.4,19.1,0.194
2016,Boston Celtics,98.5,106.8,103.6,3.2,0.531,0.487,14.6,25.1,0.231
2016,Charlotte Hornets,95.6,107.2,104.3,2.9,0.545,0.496,12.5,20.0,0.191
2016,Utah Jazz,91.0,105.9,103.9,2.0,0.54,0.495,13.5,25.9,0.21
2016,Miami Heat,93.6,106.1,104.4,1.7,0.545,0.485,12.1,23.8,0.196
2016,Indiana Pacers,96.6,104.6,102.9,1.7,0.536,0.489,14.3,23.4,0.205
2016,Portland Trail Blazers,96.0,108.8,108.0,0.8,0.548,0.503,12.1,25.9,0.225
2016,Detroit Pistons,95.1,106.1,105.5,0.6,0.522,0.504,12.5,27.0,0.196
2016,Houston Rockets,97.6,108.3,108.1,0.2,0.553,0.516,14.8,25.7,0.219
2016,Dallas Mavericks,94.3,106.7,107.0,-0.3,0.544,0.504,12.8,20.6,0.198
2016,Washington Wizards,98.5,105.3,105.8,-0.5,0.544,0.515,14.6,20.6,0.218
2016,Chicago Bulls,95.7,105.0,106.5,-1.5,0.526,0.485,10.7,24.5,0.182
2016,Orlando Magic,96.0,105.1,106.8,-1.7,0.533,0.513,13.8,23.1,0.215
2016,Sacramento Kings,100.0,106.0,108.4,-2.4,0.546,0.521,14.0,23.9,0.202
2016,Memphis Grizzlies,93.3,105.4,107.8,-2.4,0.524,0.518,15.2,25.3,0.251
2016,New York Knicks,93.4,104.6,107.6,-3.0,0.527,0.487,10.5,23.7,0.204
2016,Denver Nuggets,95.7,105.6,108.9,-3.3,0.531,0.515,12.6,25.8,0.216
2016,Minnesota Timberwolves,95.2,106.5,110.1,-3.6,0.549,0.524,13.6,24.3,0.2
2016,New Orleans Pelicans,96.8,105.6,109.5,-3.9,0.537,0.523,12.7,21.2,0.225
2016,Milwaukee Bucks,94.2,104.3,108.7,-4.4,0.537,0.51,14.2,24.9,0.221
2016,Phoenix Suns,98.5,102.2,109.0,-6.8,0.526,0.523,13.5,25.4,0.237
2016,Brooklyn Nets,95.2,103.2,110.9,-7.7,0.527,0.534,13.1,24.1,0.176
2016,Los Angeles Lakers,95.6,101.6,111.6,-10.0,0.509,0.523,11.6,23.1,0.202
2016,Philadelphia 76ers,97.9,98.8,109.2,-10.4,0.519,0.51,13.5,20.6,0.24
2017,Golden State Warriors,99.8,115.6,104.0,11.6,0.597,0.486,13.5,22.8,0.198
2017,San Antonio Spurs,94.2,111.1,103.5,7.6,0.564,0.492,13.5,24.0,0.192
2017,Houston Rockets,100.0,114.7,109.0,5.7,0.583,0.519,13.2,24.6,0.194
2017,Toronto Raptors,94.7,112.3,107.8,4.5,0.561,0.507,13.5,25.0,0.223
2017,Los Angeles Clippers,96.1,112.7,108.2,4.5,0.574,0.506,12.1,21.5,0.211
2017,Utah Jazz,91.6,109.6,105.3,4.3,0.563,0.493,11.8,23.2,0.195
2017,Cleveland Cavaliers,96.2,113.6,110.3,3.3,0.58,0.516,11.4,21.9,0.174
2017,Boston Celtics,96.8,111.2,108.4,2.8,0.567,0.503,12.6,21.2,0.223
2017,Washington Wizards,97.4,111.2,109.3,1.9,0.564,0.524,13.8,24.1,0.213
2017,Miami Heat,95.2,107.8,106.7,1.1,0.541,0.496,12.6,24.2,0.22
2017,Oklahoma City Thunder,97.8,108.3,107.5,0.8,0.54,0.511,12.5,27.9,0.218
2017,Memphis Grizzlies,92.3,107.7,107.1,0.6,0.535,0.506,13.6,24.8,0.256
2017,Denver Nuggets,98.3,113.2,112.7,0.5,0.568,0.532,10.9,27.3,0.194
2017,Chicago Bulls,95.3,107.4,107.0,0.4,0.53,0.507,12.4,27.0,0.169
2017,Charlotte Hornets,95.7,108.8,108.6,0.2,0.547,0.523,12.1,19.9,0.164
2017,Indiana Pacers,95.9,108.6,108.8,-0.2,0.558,0.512,13.6,21.2,0.225
2017,Milwaukee Bucks,94.5,109.1,109.3,-0.2,0.565,0.518,13.6,21.5,0.215
2017,Portland Trail Blazers,96.7,110.3,110.8,-0.5,0.559,0.508,11.6,23.0,0.241
2017,Atlanta Hawks,97.4,104.9,105.7,-0.8,0.541,0.507,13.8,23.6,0.179
2017,Detroit Pistons,95.0,106.0,107.1,-1.1,0.521,0.516,12.1,24.1,0.197
2017,Minnesota Timberwolves,94.6,110.8,112.0,-1.2,0.555,0.535,13.2,27.2,0.212
2017,New Orleans Pelicans,98.0,105.2,107.4,-2.2,0.539,0.509,12.4,18.5,0.177
2017,Dallas Mavericks,92.2,105.6,108.8,-3.2,0.541,0.529,14.4,18.1,0.218
2017,New York Knicks,96.0,107.7,111.5,-3.8,0.534,0.511,11.7,26.6,0.214
2017,Sacramento Kings,94.9,107.3,111.3,-4.0,0.556,0.528,12.9,21.0,0.227
2017,Phoenix Suns,100.3,106.6,112.2,-5.6,0.538,0.525,13.1,26.0,0.264
2017,Philadelphia 76ers,98.5,103.2,108.9,-5.7,0.539,0.512,13.5,22.4,0.234
2017,Brooklyn Nets,101.3,104.1,110.7,-6.6,0.551,0.513,11.6,19.6,0.212
2017,Orlando Magic,96.8,103.7,110.5,-6.8,0.524,0.523,11.9,21.6,0.201
2017,Los Angeles Lakers,98.5,106.0,113.0,-7.0,0.537,0.542,13.0,25.0,0.213
2018,Houston Rockets,97.6,114.7,106.1,8.6,0.59,0.521,13.4,21.3,0.171
2018,Toronto Raptors,97.4,113.8,105.9,7.9,0.575,0.501,13.0,23.0,0.212
2018,Golden State Warriors,99.6,113.6,107.7,5.9,0.603,0.504,12.6,21.0,0.186
2018,Utah Jazz,95.7,108.4,103.9,4.5,0.564,0.506,14.0,21.5,0.19
2018,Philadelphia 76ers,99.8,109.5,105.0,4.5,0.568,0.492,12.6,25.3,0.218
2018,Boston Celtics,96.0,107.6,103.9,3.7,0.552,0.495,13.0,21.5,0.191
2018,Oklahoma City Thunder,96.7,110.7,107.2,3.5,0.546,0.525,14.7,27.7,0.193
2018,San Antonio Spurs,95.0,107.9,104.8,3.1,0.543,0.507,13.2,23.7,0.17
2018,Portland Trail Blazers,96.5,109.1,106.4,2.7,0.549,0.503,11.7,23.3,0.193
2018,Minnesota Timberwolves,96.0,113.4,111.1,2.3,0.566,0.539,13.9,24.4,0.189
2018,Denver Nuggets,96.8,112.5,111.0,1.5,0.57,0.539,12.6,25.7,0.173
2018,Indiana Pacers,96.0,109.5,108.1,1.4,0.557,0.527,14.2,22.7,0.174
2018,New Orleans Pelicans,100.5,109.6,108.3,1.3,0.573,0.513,12.5,20.0,0.175
2018,Cleveland Cavaliers,98.0,112.9,111.9,1.0,0.584,0.54,12.2,20.1,0.166
2018,Washington Wizards,96.6,109.3,108.7,0.6,0.56,0.522,13.6,23.5,0.212
2018,Miami Heat,95.6,106.8,106.3,0.5,0.551,0.507,13.1,21.5,0.215
2018,Charlotte Hornets,98.4,109.4,109.1,0.3,0.549,0.532,12.4,22.2,0.165
2018,Los Angeles Clippers,98.7,110.3,110.2,0.1,0.564,0.52,12.6,23.5,0.203
2018,Detroit Pistons,96.2,107.2,107.3,-0.1,0.543,0.524,13.7,22.7,0.172
2018,Milwaukee Bucks,96.3,109.8,110.1,-0.3,0.571,0.528,14.2,20.4,0.22
2018,Los Angeles Lakers,100.3,106.5,108.0,-1.5,0.548,0.514,12.5,23.6,0.19
2018,Dallas Mavericks,95.6,106.3,109.5,-3.2,0.544,0.532,12.8,18.0,0.193
2018,New York Knicks,96.8,107.1,110.7,-3.6,0.544,0.522,12.1,24.1,0.208
2018,Brooklyn Nets,98.9,106.9,110.6,-3.7,0.551,0.517,11.0,21.0,0.201
2018,Orlando Magic,98.1,105.2,110.1,-4.9,0.545,0.525,12.8,20.0,0.187
2018,Atlanta Hawks,98.3,105.0,110.6,-5.6,0.547,0.536,13.6,21.1,0.183
2018,Memphis Grizzlies,94.9,104.5,111.0,-6.5,0.539,0.529,13.8,22.4,0.256
2018,Chicago Bulls,98.3,103.8,110.9,-7.1,0.529,0.542,12.4,20.6,0.184
2018,Sacramento Kings,94.9,103.7,111.1,-7.4,0.529,0.542,13.5,21.5,0.199
2018,Phoenix Suns,100.3,103.5,112.9,-9.4,0.532,0.533,11.9,22.5,0.212
2019,Milwaukee Bucks,103.3,113.8,105.2,8.6,0.583,0.503,11.5,20.8,0.162
2019,Golden State Warriors,100.9,115.9,109.5,6.4,0.596,0.508,11.7,22.5,0.205
2019,Toronto Raptors,100.2,113.1,107.1,6.0,0.579,0.509,13.1,21.9,0.19
2019,Utah Jazz,100.3,110.9,105.7,5.2,0.572,0.507,12.4,22.9,0.189
2019,Houston Rockets,97.9,115.5,110.7,4.8,0.581,0.525,13.4,22.8,0.21
2019,Boston Celtics,99.6,112.2,107.8,4.4,0.567,0.514,13.4,21.6,0.198
2019,Portland Trail Blazers,99.1,114.7,110.5,4.2,0.568,0.516,11.0,26.6,0.195
2019,Denver Nuggets,97.7,113.0,108.9,4.1,0.558,0.521,12.3,26.6,0.194
2019,Indiana Pacers,98.1,109.9,106.5,3.4,0.561,0.516,14.1,21.9,0.184
2019,Oklahoma City Thunder,102.8,110.3,107.0,3.3,0.545,0.523,14.4,26.0,0.206
2019,Philadelphia 76ers,101.6,112.6,110.0,2.6,0.574,0.512,11.1,24.5,0.206
2019,San Antonio Spurs,98.3,112.9,111.2,1.7,0.572,0.528,11.0,21.0,0.17
2019,Los Angeles Clippers,101.7,112.4,111.5,0.9,0.575,0.514,11.4,22.0,0.224
2019,Orlando Magic,98.1,108.9,108.1,0.8,0.55,0.515,11.8,22.0,0.186
2019,Brooklyn Nets,100.8,109.6,109.7,-0.1,0.556,0.512,11.6,23.8,0.19
2019,Detroit Pistons,97.4,109.0,109.2,-0.2,0.544,0.526,12.8,24.8,0.211
2019,Miami Heat,98.2,107.3,107.6,-0.3,0.542,0.51,12.7,24.8,0.201
2019,Sacramento Kings,103.1,110.4,111.5,-1.1,0.554,0.533,13.6,23.1,0.207
2019,Charlotte Hornets,98.7,111.4,112.5,-1.1,0.554,0.538,12.1,21.7,0.179
2019,New Orleans Pelicans,103.3,111.4,112.6,-1.2,0.563,0.532,11.6,24.1,0.193
2019,Dallas Mavericks,99.0,109.4,110.7,-1.3,0.555,0.522,11.6,22.7,0.191
2019,Minnesota Timberwolves,100.2,111.4,112.9,-1.5,0.552,0.538,12.9,24.6,0.19
2019,Los Angeles Lakers,103.2,107.8,109.5,-1.7,0.554,0.516,12.2,22.2,0.192
2019,Memphis Grizzlies,96.6,106.1,108.8,-2.7,0.548,0.521,13.9,20.0,0.232
2019,Washington Wizards,101.4,111.1,113.9,-2.8,0.567,0.546,13.5,21.3,0.199
2019,Atlanta Hawks,103.9,108.1,113.9,-5.8,0.555,0.541,12.8,24.7,0.237
2019,Chicago Bulls,99.0,104.8,113.2,-8.4,0.541,0.541,11.9,19.4,0.188
2019,New York Knicks,99.6,104.5,113.7,-9.2,0.529,0.533,11.7,22.1,0.203
2019,Phoenix Suns,100.5,105.9,115.1,-9.2,0.552,0.545,13.5,20.5,0.236
2019,Cleveland Cavaliers,96.6,107.7,117.6,-9.9,0.54,0.564,11.5,23.7,0.181
2020,Milwaukee Bucks,105.1,112.4,102.9,9.5,0.583,0.489,12.0,20.7,0.178
2020,Boston Celtics,99.5,113.3,107.0,6.3,0.57,0.509,13.5,23.9,0.215
2020,Los Angeles Clippers,101.5,113.9,107.6,6.3,0.577,0.506,12.2,23.5,0.206
2020,Toronto Raptors,100.9,111.1,105.0,6.1,0.574,0.502,14.6,21.3,0.202
2020,Los Angeles Lakers,100.9,112.0,106.3,5.7,0.573,0.515,14.1,24.5,0.205
2020,Dallas Mavericks,99.3,116.7,111.7,5.0,0.581,0.525,10.6,23.2,0.175
2020,Miami Heat,98.3,112.5,109.5,3.0,0.587,0.523,12.6,20.3,0.213
2020,Houston Rockets,103.7,112.9,110.1,2.8,0.578,0.529,13.7,21.0,0.197
2020,Utah Jazz,98.6,112.3,109.9,2.4,0.585,0.518,11.1,21.6,0.185
2020,Philadelphia 76ers,99.0,111.3,109.0,2.3,0.566,0.523,12.5,23.9,0.214
2020,Denver Nuggets,97.1,113.1,111.0,2.1,0.567,0.533,12.9,24.8,0.198
2020,Indiana Pacers,98.9,110.0,108.0,2.0,0.565,0.511,13.0,20.0,0.192
2020,Oklahoma City Thunder,98.8,110.8,108.8,2.0,0.573,0.518,12.6,19.3,0.173
2020,Phoenix Suns,101.3,111.7,111.4,0.3,0.576,0.539,13.7,22.2,0.221
2020,Brooklyn Nets,101.4,108.9,109.5,-0.6,0.554,0.511,11.0,23.2,0.187
2020,Orlando Magic,98.6,108.5,109.5,-1.0,0.544,0.535,13.2,22.3,0.176
2020,San Antonio Spurs,100.5,112.4,113.5,-1.1,0.572,0.542,11.7,20.1,0.193
2020,Memphis Grizzlies,102.8,109.2,110.3,-1.1,0.561,0.521,12.7,23.0,0.217
2020,Portland Trail Blazers,100.7,113.7,114.8,-1.1,0.57,0.53,11.2,22.4,0.208
2020,New Orleans Pelicans,103.7,110.7,111.9,-1.2,0.568,0.532,12.4,24.2,0.212
2020,Sacramento Kings,98.9,110.2,112.2,-2.0,0.566,0.543,13.6,21.9,0.225
2020,Chicago Bulls,99.7,106.7,109.8,-3.1,0.547,0.546,16.3,22.8,0.239
2020,Detroit Pistons,97.6,109.0,112.7,-3.7,0.561,0.541,12.7,22.6,0.186
2020,Minnesota Timberwolves,103.4,108.1,112.2,-4.1,0.551,0.541,13.2,22.1,0.218
2020,Washington Wizards,102.7,110.9,115.5,-4.6,0.562,0.558,13.9,22.2,0.231
2020,New York Knicks,98.6,106.5,113.0,-6.5,0.531,0.541,12.4,25.8,0.224
2020,Charlotte Hornets,95.8,106.3,113.3,-7.0,0.539,0.546,13.1,23.9,0.159
2020,Atlanta Hawks,103.0,107.2,114.8,-7.6,0.554,0.543,12.7,21.6,0.233
2020,Cleveland Cavaliers,98.7,107.5,115.4,-7.9,0.553,0.56,11.7,24.6,0.164
2020,Golden State Warriors,100.3,105.2,113.8,-8.6,0.54,0.553,13.7,21.5,0.193
2021,Utah Jazz,98.5,117.6,108.3,9.3,0.597,0.507,10.3,24.5,0.159
2021,Los Angeles Clippers,96.9,117.6,111.2,6.4,0.599,0.531,11.9,22.7,0.186
2021,Phoenix Suns,97.2,117.2,111.3,5.9,0.597,0.534,12.4,20.8,0.194
2021,Milwaukee Bucks,102.2,117.2,111.4,5.8,0.593,0.536,11.5,23.3,0.157
2021,Philadelphia 76ers,99.5,113.2,107.6,5.6,0.579,0.521,13.8,23.2,0.2
2021,Denver Nuggets,97.1,117.1,112.1,5.0,0.588,0.545,12.9,24.7,0.2
2021,Brooklyn Nets,99.5,118.3,113.8,4.5,0.61,0.531,11.1,21.4,0.187
2021,Los Angeles Lakers,98.7,109.9,107.1,2.8,0.569,0.526,13.7,22.5,0.184
2021,Dallas Mavericks,97.3,115.4,113.0,2.4,0.582,0.534,11.5,21.1,0.197
2021,New York Knicks,95.9,110.6,108.2,2.4,0.559,0.509,11.7,21.9,0.196
2021,Atlanta Hawks,97.6,115.7,113.3,2.4,0.581,0.53,11.1,24.4,0.19
2021,Portland Trail Blazers,98.4,117.8,116.0,1.8,0.577,0.546,11.2,23.0,0.203
2021,Boston Celtics,98.3,114.0,112.5,1.5,0.574,0.539,12.8,24.3,0.215
2021,Golden State Warriors,102.2,111.1,110.1,1.0,0.583,0.522,13.1,17.9,0.223
2021,Memphis Grizzlies,100.4,112.0,111.0,1.0,0.56,0.535,13.1,24.2,0.196
2021,Miami Heat,96.6,111.2,111.2,0.0,0.581,0.542,13.8,19.4,0.183
2021,Indiana Pacers,101.6,112.4,112.4,0.0,0.575,0.531,12.7,20.2,0.201
2021,New Orleans Pelicans,100.1,113.5,113.8,-0.3,0.57,0.55,11.9,26.3,0.186
2021,Toronto Raptors,99.2,112.0,112.5,-0.5,0.567,0.543,14.4,20.8,0.234
2021,Chicago Bulls,99.0,111.1,112.0,-0.9,0.575,0.538,11.6,22.3,0.196
2021,San Antonio Spurs,98.9,111.0,112.8,-1.8,0.554,0.541,11.8,20.0,0.174
2021,Washington Wizards,104.1,111.2,113.0,-1.8,0.569,0.539,12.5,21.3,0.217
2021,Charlotte Hornets,98.3,110.9,112.8,-1.9,0.564,0.55,13.2,23.5,0.163
2021,Sacramento Kings,100.0,113.6,117.2,-3.6,0.578,0.557,12.1,21.3,0.199
2021,Detroit Pistons,97.9,108.0,112.5,-4.5,0.556,0.541,12.6,21.9,0.195
2021,Minnesota Timberwolves,101.6,109.5,115.0,-5.5,0.555,0.556,13.3,22.7,0.207
2021,Houston Rockets,101.4,107.1,114.9,-7.8,0.553,0.555,12.9,19.8,0.201
2021,Cleveland Cavaliers,97.3,105.8,114.4,-8.6,0.543,0.556,13.0,23.6,0.183
2021,Orlando Magic,98.7,105.1,114.5,-9.4,0.527,0.547,11.5,21.6,0.169
2021,Oklahoma City Thunder,101.0,103.5,114.0,-10.5,0.539,0.547,11.5,21.2,0.167
2022,Boston Celtics,96.6,114.4,106.9,7.5,0.578,0.502,12.5,24.0,0.183
2022,Phoenix Suns,99.8,114.8,107.3,7.5,0.581,0.51,13.0,22.3,0.195
2022,Utah Jazz,97.1,116.7,110.5,6.2,0.589,0.521,10.9,25.4,0.164
2022,Memphis Grizzlies,100.3,114.6,109.0,5.6,0.553,0.523,13.3,30.0,0.195
2022,Golden State Warriors,98.4,112.5,106.9,5.6,0.582,0.509,13.0,22.8,0.201
2022,Miami Heat,95.9,113.7,109.1,4.6,0.584,0.524,13.8,23.5,0.209
2022,Dallas Mavericks,95.4,112.8,109.4,3.4,0.572,0.521,12.2,21.3,0.185
2022,Milwaukee Bucks,99.9,115.1,111.8,3.3,0.58,0.536,11.6,23.0,0.165
2022,Philadelphia 76ers,96.2,113.5,110.8,2.7,0.578,0.524,12.1,20.1,0.192
2022,Minnesota Timberwolves,100.9,114.3,111.7,2.6,0.573,0.535,14.2,24.4,0.227
2022,Denver Nuggets,97.8,114.5,112.1,2.4,0.59,0.537,11.7,21.9,0.188
2022,Toronto Raptors,96.0,112.9,110.5,2.4,0.543,0.535,14.4,28.4,0.199
2022,Cleveland Cavaliers,96.1,111.9,109.7,2.2,0.571,0.52,12.3,24.0,0.172
2022,Atlanta Hawks,97.7,116.5,114.9,1.6,0.581,0.543,11.5,23.0,0.177
2022,Brooklyn Nets,99.0,113.6,112.8,0.8,0.576,0.521,11.7,23.9,0.201
2022,Charlotte Hornets,100.0,114.1,113.7,0.4,0.572,0.544,13.1,23.3,0.187
2022,San Antonio Spurs,100.0,112.4,112.3,0.1,0.556,0.532,12.1,23.7,0.176
2022,Los Angeles Clippers,98.0,110.1,110.1,0.0,0.564,0.514,12.0,20.6,0.167
2022,New York Knicks,95.9,110.4,110.5,-0.1,0.55,0.521,11.7,25.1,0.198
2022,Chicago Bulls,98.3,113.2,113.6,-0.4,0.579,0.541,11.9,20.4,0.199
2022,New Orleans Pelicans,97.2,112.0,113.0,-1.0,0.557,0.547,13.0,26.9,0.196
2022,Los Angeles Lakers,100.1,110.3,113.3,-3.0,0.567,0.54,12.2,21.1,0.192
2022,Washington Wizards,97.0,111.1,114.5,-3.4,0.568,0.529,10.7,20.9,0.202
2022,Indiana Pacers,98.0,112.6,116.1,-3.5,0.564,0.552,11.9,25.5,0.204
2022,Sacramento Kings,99.8,109.9,115.3,-5.4,0.561,0.551,11.9,21.3,0.176
2022,Detroit Pistons,98.4,106.0,113.8,-7.8,0.533,0.541,13.1,23.4,0.226
2022,Orlando Magic,99.2,104.5,112.5,-8.0,0.538,0.532,11.7,19.8,0.196
2022,Oklahoma City Thunder,98.6,104.6,112.8,-8.2,0.53,0.533,11.8,21.8,0.169
2022,Houston Rockets,100.9,108.4,116.7,-8.3,0.565,0.554,12.3,21.7,0.206
2022,Portland Trail Blazers,98.3,107.8,116.9,-9.1,0.55,0.559,12.7,22.9,0.222
2023,Boston Celtics,98.5,118.0,111.5,6.5,0.6,0.528,11.3,22.1,0.18
2023,Cleveland Cavaliers,95.7,116.1,110.6,5.5,0.59,0.535,14.4,23.6,0.21
2023,Philadelphia 76ers,96.9,117.7,113.3,4.4,0.608,0.541,13.0,21.6,0.217
2023,Memphis Grizzlies,101.1,115.1,111.2,3.9,0.57,0.526,13.1,26.5,0.206
2023,Milwaukee Bucks,100.5,115.4,111.9,3.5,0.583,0.52,10.4,25.0,0.175
2023,Denver Nuggets,98.1,117.6,114.2,3.4,0.601,0.543,12.2,24.8,0.201
2023,New York Knicks,97.1,117.8,114.8,3.0,0.577,0.536,11.4,28.3,0.21
2023,Sacramento Kings,100.3,119.4,116.8,2.6,0.608,0.563,12.6,22.7,0.203
2023,Phoenix Suns,98.2,115.1,113.0,2.1,0.57,0.532,12.9,26.6,0.234
2023,New Orleans Pelicans,99.1,114.4,112.5,1.9,0.582,0.543,13.4,24.7,0.212
2023,Golden State Warriors,101.6,116.1,114.4,1.7,0.6,0.54,12.3,24.4,0.214
2023,Toronto Raptors,97.1,115.5,114.0,1.5,0.555,0.565,15.3,27.8,0.223
2023,Chicago Bulls,98.5,113.5,112.2,1.3,0.587,0.544,13.5,20.1,0.197
2023,Oklahoma City Thunder,101.1,115.2,114.2,1.0,0.57,0.547,14.4,24.7,0.222
2023,Brooklyn Nets,98.3,115.0,114.1,0.9,0.598,0.53,12.2,19.6,0.212
2023,Los Angeles Lakers,101.3,114.5,113.9,0.6,0.582,0.535,10.9,22.8,0.171
2023,Los Angeles Clippers,98.0,115.0,114.5,0.5,0.588,0.543,11.7,22.9,0.195
2023,Atlanta Hawks,100.7,116.6,116.3,0.3,0.579,0.552,12.4,25.1,0.206
2023,Dallas Mavericks,96.6,116.8,116.7,0.1,0.599,0.549,11.9,18.0,0.226
2023,Minnesota Timberwolves,101.0,113.7,113.8,-0.1,0.592,0.54,13.3,21.5,0.225
2023,Miami Heat,96.3,113.0,113.3,-0.3,0.574,0.561,14.5,22.8,0.198
2023,Utah Jazz,100.5,115.8,116.7,-0.9,0.584,0.541,10.9,26.8,0.205
2023,Washington Wizards,98.6,114.4,115.6,-1.2,0.585,0.54,11.0,22.6,0.194
2023,Orlando Magic,99.3,111.6,114.2,-2.6,0.573,0.55,13.1,23.8,0.211
2023,Indiana Pacers,101.1,114.6,117.7,-3.1,0.581,0.554,13.0,23.4,0.229
2023,Portland Trail Blazers,98.6,114.8,118.8,-4.0,0.589,0.563,12.1,22.4,0.217
2023,Charlotte Hornets,100.8,109.2,115.3,-6.1,0.55,0.544,12.5,23.8,0.211
2023,Houston Rockets,99.0,111.4,119.3,-7.9,0.554,0.564,11.8,30.2,0.218
2023,Detroit Pistons,99.0,110.7,118.9,-8.2,0.561,0.557,11.9,24.9,0.231
2023,San Antonio Spurs,101.6,110.2,120.0,-9.8,0.554,0.576,12.0,25.6,0.201
2024,Boston Celtics,97.2,123.2,111.6,11.6,0.609,0.523,10.8,24.9,0.145
2024,Oklahoma City Thunder,99.8,119.5,112.1,7.4,0.608,0.53,13.6,21.1,0.202
2024,Minnesota Timberwolves,97.1,115.6,109.0,6.6,0.594,0.515,12.9,23.2,0.197
2024,Denver Nuggets,96.8,118.5,113.0,5.5,0.589,0.526,11.2,25.5,0.195
2024,New York Knicks,95.2,118.2,113.4,4.8,0.574,0.543,12.3,29.4,0.176
2024,New Orleans Pelicans,97.9,117.4,112.9,4.5,0.591,0.541,12.9,24.4,0.186
2024,Los Angeles Clippers,97.2,118.8,115.4,3.4,0.599,0.541,11.7,24.4,0.183
2024,Philadelphia 76ers,97.5,116.9,113.8,3.1,0.574,0.537,13.1,24.8,0.215
2024,Phoenix Suns,98.3,117.6,114.6,3.0,0.603,0.536,11.3,25.0,0.178
2024,Indiana Pacers,101.7,121.0,118.0,3.0,0.606,0.556,12.1,23.8,0.228
2024,Golden State Warriors,99.2,117.8,115.2,2.6,0.586,0.539,11.5,27.5,0.195
2024,Milwaukee Bucks,99.9,118.4,115.8,2.6,0.601,0.539,10.6,21.8,0.189
2024,Cleveland Cavaliers,97.2,115.2,112.7,2.5,0.586,0.535,12.3,23.2,0.19
2024,Dallas Mavericks,100.1,117.6,115.4,2.2,0.592,0.548,12.1,22.2,0.184
2024,Orlando Magic,96.9,113.4,111.3,2.1,0.577,0.543,13.8,25.3,0.206
2024,Miami Heat,96.2,114.0,112.2,1.8,0.578,0.543,12.7,21.8,0.174
2024,Sacramento Kings,98.8,116.9,115.2,1.7,0.582,0.555,12.5,24.5,0.213
2024,Houston Rockets,99.0,114.5,113.4,1.1,0.565,0.533,12.2,25.1,0.219
2024,Los Angeles Lakers,100.9,115.9,115.3,0.6,0.601,0.55,11.7,19.9,0.153
2024,Chicago Bulls,96.3,114.9,116.3,-1.4,0.568,0.556,12.7,25.1,0.195
2024,Atlanta Hawks,100.1,117.2,119.4,-2.2,0.576,0.572,12.4,27.1,0.192
2024,Brooklyn Nets,96.9,113.2,116.1,-2.9,0.561,0.543,11.4,25.2,0.193
2024,Utah Jazz,99.5,115.5,120.4,-4.9,0.579,0.567,10.9,28.1,0.182
2024,San Antonio Spurs,101.1,110.0,116.4,-6.4,0.563,0.555,11.7,22.9,0.174
2024,Toronto Raptors,99.4,112.3,118.8,-6.5,0.566,0.566,12.2,24.2,0.172
2024,Memphis Grizzlies,98.2,107.2,114.3,-7.1,0.543,0.551,13.5,23.8,0.195
2024,Detroit Pistons,99.8,109.7,118.8,-9.1,0.562,0.558,11.1,23.9,0.221
2024,Washington Wizards,102.7,110.5,119.6,-9.1,0.567,0.562,12.0,20.0,0.201
2024,Portland Trail Blazers,97.2,108.3,117.5,-9.2,0.539,0.558,12.8,27.5,0.216
2024,Charlotte Hornets,97.3,109.3,119.8,-10.5,0.56,0.572,12.3,21.1,0.188
2025,Oklahoma City Thunder,100.0,120.3,107.5,12.8,0.593,0.513,14.9,24.2,0.211
2025,Boston Celtics,95.7,120.6,111.1,9.5,0.591,0.522,11.6,25.7,0.154
2025,Cleveland Cavaliers,99.8,121.7,112.2,9.5,0.607,0.528,12.6,25.9,0.181
2025,Minnesota Timberwolves,97.3,116.6,111.5,5.1,0.588,0.532,13.2,25.8,0.178
2025,Los Angeles Clippers,97.5,115.1,110.3,4.8,0.589,0.536,13.7,24.4,0.189
2025,Memphis Grizzlies,103.3,117.7,113.0,4.7,0.588,0.533,12.9,28.7,0.206
2025,Houston Rockets,98.6,115.3,110.8,4.5,0.553,0.528,12.8,31.7,0.186
2025,New York Knicks,96.7,118.5,114.3,4.2,0.589,0.549,13.1,26.0,0.176
2025,Denver Nuggets,99.8,119.9,116.0,3.9,0.604,0.542,11.3,26.7,0.173
2025,Golden State Warriors,98.7,115.0,111.7,3.3,0.568,0.541,14.1,27.3,0.189
2025,Milwaukee Bucks,99.3,115.9,113.4,2.5,0.598,0.533,11.4,19.3,0.174
2025,Indiana Pacers,99.9,116.5,114.3,2.2,0.594,0.546,13.1,21.3,0.19
2025,Detroit Pistons,99.8,115.0,113.1,1.9,0.58,0.539,13.3,26.2,0.214
2025,Los Angeles Lakers,97.6,115.9,114.7,1.2,0.593,0.539,12.2,23.3,0.178
2025,Miami Heat,96.2,113.5,112.9,0.6,0.576,0.543,12.5,22.3,0.157
2025,Sacramento Kings,98.2,116.7,116.2,0.5,0.582,0.557,12.5,25.4,0.2
2025,Orlando Magic,96.1,109.4,109.6,-0.2,0.55,0.538,15.0,25.3,0.22
2025,Atlanta Hawks,102.6,114.6,115.7,-1.1,0.579,0.56,13.8,26.3,0.202
2025,Dallas Mavericks,99.2,114.8,116.0,-1.2,0.583,0.54,11.6,23.3,0.179
2025,Chicago Bulls,102.8,114.1,115.6,-1.5,0.585,0.539,10.8,22.3,0.178
2025,San Antonio Spurs,99.3,114.4,117.2,-2.8,0.575,0.551,12.0,24.3,0.158
2025,Portland Trail Blazers,98.8,111.7,114.7,-3.0,0.555,0.543,13.6,29.2,0.204
2025,Phoenix Suns,97.1,116.2,119.3,-3.1,0.595,0.552,10.9,22.6,0.191
2025,Toronto Raptors,99.7,110.5,114.8,-4.3,0.553,0.541,13.2,27.3,0.222
2025,Philadelphia 76ers,97.4,111.9,118.2,-6.3,0.563,0.57,14.3,23.4,0.194
2025,Brooklyn Nets,96.4,108.5,115.8,-7.3,0.552,0.557,13.7,24.5,0.218
2025,Utah Jazz,100.0,111.2,120.4,-9.2,0.568,0.559,10.3,26.9,0.185
2025,Charlotte Hornets,97.6,107.3,116.6,-9.3,0.537,0.547,11.9,26.5,0.19
2025,New Orleans Pelicans,99.1,110.4,119.9,-9.5,0.552,0.564,12.3,26.3,0.19
2025,Washington Wizards,100.9,106.8,119.1,-12.3,0.546,0.548,11.4,22.7,0.202
2026,Oklahoma City Thunder,99.3,118.9,107.7,11.2,0.599,0.519,14.6,22.3,0.184
2026,San Antonio Spurs,99.9,119.6,111.3,8.3,0.595,0.522,11.5,26.2,0.18
2026,Detroit Pistons,99.3,117.9,109.7,8.2,0.583,0.517,14.8,30.9,0.251
2026,Boston Celtics,94.8,120.8,112.7,8.1,0.583,0.523,11.4,29.2,0.189
2026,New York Knicks,96.8,119.8,113.3,6.5,0.59,0.541,13.1,29.3,0.206
2026,Houston Rockets,96.1,118.6,113.2,5.4,0.576,0.53,12.1,34.8,0.189
2026,Denver Nuggets,98.4,122.6,117.4,5.2,0.616,0.543,10.4,23.6,0.196
2026,Charlotte Hornets,96.8,119.4,114.4,5.0,0.589,0.54,11.6,30.5,0.186
2026,Cleveland Cavaliers,99.9,119.2,115.1,4.1,0.595,0.543,13.1,26.9,0.209
2026,Minnesota Timberwolves,100.5,116.8,113.5,3.3,0.592,0.529,13.0,25.7,0.22
2026,Toronto Raptors,98.4,115.9,113.0,2.9,0.581,0.54,14.3,25.5,0.222
2026,Atlanta Hawks,101.7,116.1,113.7,2.4,0.584,0.546,13.9,24.4,0.206
2026,Miami Heat,103.4,116.7,114.5,2.2,0.58,0.54,12.8,25.4,0.193
2026,Los Angeles Lakers,98.3,118.2,116.4,1.8,0.609,0.555,13.0,23.9,0.191
2026,Phoenix Suns,97.2,115.4,113.9,1.5,0.568,0.541,14.5,28.9,0.217
2026,Los Angeles Clippers,96.5,117.3,116.1,1.2,0.602,0.545,12.9,23.7,0.197
2026,Orlando Magic,100.0,114.9,114.3,0.6,0.576,0.545,13.1,25.0,0.223
2026,Philadelphia 76ers,99.4,115.4,115.5,-0.1,0.572,0.541,13.3,26.2,0.212
2026,Portland Trail Blazers,100.5,114.4,114.7,-0.3,0.57,0.541,13.5,31.3,0.215
2026,Golden State Warriors,99.0,115.0,115.6,-0.6,0.584,0.553,14.0,25.8,0.198
2026,New Orleans Pelicans,100.3,114.4,118.9,-4.5,0.568,0.555,12.4,27.0,0.199
2026,Chicago Bulls,102.5,113.0,118.1,-5.1,0.58,0.553,11.1,23.1,0.19
2026,Dallas Mavericks,101.7,111.2,116.5,-5.3,0.564,0.546,11.4,23.2,0.183
2026,Memphis Grizzlies,101.3,112.9,118.8,-5.9,0.57,0.562,13.3,24.7,0.203
2026,Milwaukee Bucks,97.6,112.9,119.3,-6.4,0.589,0.558,11.7,21.1,0.215
2026,Indiana Pacers,101.0,110.9,118.8,-7.9,0.568,0.556,11.7,21.7,0.218
2026,Utah Jazz,102.3,114.1,122.3,-8.2,0.575,0.578,12.4,26.2,0.227
2026,Sacramento Kings,99.2,111.4,121.5,-10.1,0.56,0.572,12.3,25.9,0.216
2026,Brooklyn Nets,97.1,108.7,119.0,-10.3,0.559,0.571,13.2,23.6,0.225
2026,Washington Wizards,101.4,111.0,122.7,-11.7,0.566,0.563,11.7,24.1,0.232
